date,location_id,location_name,latitude,longitude,precipitation_mm,temperature_mean_c,temperature_max_c,temperature_min_c,relative_humidity_pct,wind_speed_ms,climate_source,usd_brl,fx_source,brent_usd_bbl,oil_source,ndvi,ndvi_source,soil_moisture_m3m3,soil_moisture_source
2006-04-01,sorriso_mt,"Sorriso, MT",-12.5425,-55.7211,259.5,24.109,28.5,19.89,91.672333,0.088,NASA_POWER,2.129289,BCB_PTAX,70.26,EIA,0.4761,AppEEARS:MOD13Q1.061:_250m_16_days_NDVI,,
2006-05-01,sorriso_mt,"Sorriso, MT",-12.5425,-55.7211,24.73,21.426774,27.67,13.24,87.965806,0.063871,NASA_POWER,2.1781,BCB_PTAX,69.776957,EIA,0.44445,AppEEARS:MOD13Q1.061:_250m_16_days_NDVI,,
2006-06-01,sorriso_mt,"Sorriso, MT",-12.5425,-55.7211,0.09,21.644333,29.46,14.67,82.906333,0.223667,NASA_POWER,2.24829,BCB_PTAX,68.555909,EIA,0.40665,AppEEARS:MOD13Q1.061:_250m_16_days_NDVI,,
2006-07-01,sorriso_mt,"Sorriso, MT",-12.5425,-55.7211,2.92,23.855161,35.8,12.53,59.341935,0.234839,NASA_POWER,2.189281,BCB_PTAX,73.674286,EIA,0.3907,AppEEARS:MOD13Q1.061:_250m_16_days_NDVI,,
2006-08-01,sorriso_mt,"Sorriso, MT",-12.5425,-55.7211,1.49,27.610968,37.94,17.01,45.51,0.185484,NASA_POWER,2.155883,BCB_PTAX,73.230435,EIA,0.3878,AppEEARS:MOD13Q1.061:_250m_16_days_NDVI,,
2006-09-01,sorriso_mt,"Sorriso, MT",-12.5425,-55.7211,74.79,28.172667,38.73,16.36,54.274667,0.093,NASA_POWER,2.168745,BCB_PTAX,61.958571,EIA,0.42915,AppEEARS:MOD13Q1.061:_250m_16_days_NDVI,,
2006-10-01,sorriso_mt,"Sorriso, MT",-12.5425,-55.7211,234.12,26.12129,36.4,20.33,80.953871,0.071935,NASA_POWER,2.148281,BCB_PTAX,57.808182,EIA,0.4454,AppEEARS:MOD13Q1.061:_250m_16_days_NDVI,,
2006-11-01,sorriso_mt,"Sorriso, MT",-12.5425,-55.7211,120.53,25.781667,34.53,19.25,80.583,0.091,NASA_POWER,2.1579,BCB_PTAX,58.761364,EIA,0.45415,AppEEARS:MOD13Q1.061:_250m_16_days_NDVI,,
2006-12-01,sorriso_mt,"Sorriso, MT",-12.5425,-55.7211,475.9,24.740968,29.59,20.82,91.305806,0.123548,NASA_POWER,2.14992,BCB_PTAX,68.390435,EIA,0.33765,AppEEARS:MOD13Q1.061:_250m_16_days_NDVI,,
2007-01-01,sorriso_mt,"Sorriso, MT",-12.5425,-55.7211,225.35,25.100323,29.88,20.77,90.239677,0.128065,NASA_POWER,2.138477,BCB_PTAX,53.681429,EIA,0.4839,AppEEARS:MOD13Q1.061:_250m_16_days_NDVI,,
2007-02-01,sorriso_mt,"Sorriso, MT",-12.5425,-55.7211,458.79,24.164286,29.58,20.29,92.1425,0.0875,NASA_POWER,2.09625,BCB_PTAX,57.555789,EIA,0.4324,AppEEARS:MOD13Q1.061:_250m_16_days_NDVI,,
2007-03-01,sorriso_mt,"Sorriso, MT",-12.5425,-55.7211,149.08,24.570968,29.52,20.29,89.131613,0.115161,NASA_POWER,2.088677,BCB_PTAX,62.050455,EIA,0.4952,AppEEARS:MOD13Q1.061:_250m_16_days_NDVI,,
2007-04-01,sorriso_mt,"Sorriso, MT",-12.5425,-55.7211,81.07,24.753333,29.37,19.38,89.245,0.120333,NASA_POWER,2.032035,BCB_PTAX,67.485789,EIA,0.49485,AppEEARS:MOD13Q1.061:_250m_16_days_NDVI,,
2007-05-01,sorriso_mt,"Sorriso, MT",-12.5425,-55.7211,54.28,22.773871,28.67,13.73,86.352581,0.106129,NASA_POWER,1.981614,BCB_PTAX,67.212273,EIA,0.4701,AppEEARS:MOD13Q1.061:_250m_16_days_NDVI,,
2007-06-01,sorriso_mt,"Sorriso, MT",-12.5425,-55.7211,4.82,23.527,32.42,15.12,66.846333,0.189,NASA_POWER,1.93187,BCB_PTAX,71.045714,EIA,0.42725,AppEEARS:MOD13Q1.061:_250m_16_days_NDVI,,
2007-07-01,sorriso_mt,"Sorriso, MT",-12.5425,-55.7211,38.58,24.618065,35.7,13.98,57.043871,0.156129,NASA_POWER,1.882818,BCB_PTAX,76.93,EIA,0.4047,AppEEARS:MOD13Q1.061:_250m_16_days_NDVI,,
2007-08-01,sorriso_mt,"Sorriso, MT",-12.5425,-55.7211,0.62,26.102581,37.26,14.51,39.624194,0.161935,NASA_POWER,1.966013,BCB_PTAX,70.76087,EIA,0.3803,AppEEARS:MOD13Q1.061:_250m_16_days_NDVI,,
2007-09-01,sorriso_mt,"Sorriso, MT",-12.5425,-55.7211,15.05,28.892333,38.94,19.35,37.623,0.156,NASA_POWER,1.899579,BCB_PTAX,77.173158,EIA,0.3984,AppEEARS:MOD13Q1.061:_250m_16_days_NDVI,,
2007-10-01,sorriso_mt,"Sorriso, MT",-12.5425,-55.7211,129.2,28.051935,39.13,20.65,64.49871,0.062903,NASA_POWER,1.801041,BCB_PTAX,82.34,EIA,0.4182,AppEEARS:MOD13Q1.061:_250m_16_days_NDVI,,
2007-11-01,sorriso_mt,"Sorriso, MT",-12.5425,-55.7211,320.36,25.349667,33.25,20.79,85.927667,0.080667,NASA_POWER,1.769925,BCB_PTAX,92.414286,EIA,0.43935,AppEEARS:MOD13Q1.061:_250m_16_days_NDVI,,
2007-12-01,sorriso_mt,"Sorriso, MT",-12.5425,-55.7211,236.9,24.495161,29.79,20.41,89.89871,0.103226,NASA_POWER,1.785985,BCB_PTAX,81.003182,EIA,0.4368,AppEEARS:MOD13Q1.061:_250m_16_days_NDVI,,
2008-01-01,sorriso_mt,"Sorriso, MT",-12.5425,-55.7211,439.72,24.194194,29.56,20.55,90.772258,0.13,NASA_POWER,1.774259,BCB_PTAX,91.300556,EIA,0.45995,AppEEARS:MOD13Q1.061:_250m_16_days_NDVI,,
2008-02-01,sorriso_mt,"Sorriso, MT",-12.5425,-55.7211,298.22,24.115517,28.89,20.67,90.635517,0.107931,NASA_POWER,1.727742,BCB_PTAX,94.9865,EIA,0.49555,AppEEARS:MOD13Q1.061:_250m_16_days_NDVI,,
2008-03-01,sorriso_mt,"Sorriso, MT",-12.5425,-55.7211,231.28,24.244839,29.19,19.94,90.784194,0.100968,NASA_POWER,1.70758,BCB_PTAX,103.6355,EIA,0.4864,AppEEARS:MOD13Q1.061:_250m_16_days_NDVI,,
2008-04-01,sorriso_mt,"Sorriso, MT",-12.5425,-55.7211,92.81,23.966667,28.89,18.63,90.721667,0.125667,NASA_POWER,1.688929,BCB_PTAX,109.071364,EIA,0.4863,AppEEARS:MOD13Q1.061:_250m_16_days_NDVI,,
2008-05-01,sorriso_mt,"Sorriso, MT",-12.5425,-55.7211,11.91,22.540323,28.19,15.13,88.288387,0.063548,NASA_POWER,1.660535,BCB_PTAX,122.797143,EIA,0.4537,AppEEARS:MOD13Q1.061:_250m_16_days_NDVI,,
2008-06-01,sorriso_mt,"Sorriso, MT",-12.5425,-55.7211,17.44,21.833667,29.61,15.37,83.993,0.098667,NASA_POWER,1.618857,BCB_PTAX,132.322381,EIA,0.42065,AppEEARS:MOD13Q1.061:_250m_16_days_NDVI,,
2008-07-01,sorriso_mt,"Sorriso, MT",-12.5425,-55.7211,0.33,23.588065,34.74,13.45,56.448387,0.06129,NASA_POWER,1.591413,BCB_PTAX,132.718182,EIA,0.3619,AppEEARS:MOD13Q1.061:_250m_16_days_NDVI,,
2008-08-01,sorriso_mt,"Sorriso, MT",-12.5425,-55.7211,3.02,27.095484,38.19,17.01,40.265484,0.085806,NASA_POWER,1.612314,BCB_PTAX,113.243333,EIA,0.36105,AppEEARS:MOD13Q1.061:_250m_16_days_NDVI,,
2008-09-01,sorriso_mt,"Sorriso, MT",-12.5425,-55.7211,56.32,28.884,39.81,18.54,46.138333,0.100667,NASA_POWER,1.799568,BCB_PTAX,97.234762,EIA,0.40145,AppEEARS:MOD13Q1.061:_250m_16_days_NDVI,,
2008-10-01,sorriso_mt,"Sorriso, MT",-12.5425,-55.7211,167.06,28.111935,39.86,19.81,64.605484,0.100968,NASA_POWER,2.172852,BCB_PTAX,71.582174,EIA,0.41445,AppEEARS:MOD13Q1.061:_250m_16_days_NDVI,,
2008-11-01,sorriso_mt,"Sorriso, MT",-12.5425,-55.7211,321.2,25.279667,33.36,21.06,87.267,0.086,NASA_POWER,2.26629,BCB_PTAX,52.452632,EIA,0.4408,AppEEARS:MOD13Q1.061:_250m_16_days_NDVI,,
2008-12-01,sorriso_mt,"Sorriso, MT",-12.5425,-55.7211,222.84,24.294194,29.45,19.85,90.710323,0.096129,NASA_POWER,2.394414,BCB_PTAX,47.06087,EIA,0.4712,AppEEARS:MOD13Q1.061:_250m_16_days_NDVI,,
2009-01-01,sorriso_mt,"Sorriso, MT",-12.5425,-55.7211,218.29,24.586774,29.85,19.02,89.672258,0.112258,NASA_POWER,2.307443,BCB_PTAX,43.465789,EIA,0.4528,AppEEARS:MOD13Q1.061:_250m_16_days_NDVI,,
2009-02-01,sorriso_mt,"Sorriso, MT",-12.5425,-55.7211,314.04,24.327143,29.98,20.75,90.428214,0.148929,NASA_POWER,2.312672,BCB_PTAX,43.324737,EIA,0.4608,AppEEARS:MOD13Q1.061:_250m_16_days_NDVI,,
2009-03-01,sorriso_mt,"Sorriso, MT",-12.5425,-55.7211,160.88,24.663548,30.25,19.94,90.274516,0.114839,NASA_POWER,2.313836,BCB_PTAX,46.540455,EIA,0.30335,AppEEARS:MOD13Q1.061:_250m_16_days_NDVI,,
2009-04-01,sorriso_mt,"Sorriso, MT",-12.5425,-55.7211,87.88,24.271667,28.6,20.0,91.169333,0.116,NASA_POWER,2.20585,BCB_PTAX,50.181905,EIA,0.4787,AppEEARS:MOD13Q1.061:_250m_16_days_NDVI,,
2009-05-01,sorriso_mt,"Sorriso, MT",-12.5425,-55.7211,22.66,23.359677,28.19,16.5,89.873226,0.086774,NASA_POWER,2.060905,BCB_PTAX,57.3025,EIA,0.4666,AppEEARS:MOD13Q1.061:_250m_16_days_NDVI,,
2009-06-01,sorriso_mt,"Sorriso, MT",-12.5425,-55.7211,30.9,22.934667,31.43,14.09,81.429667,0.056,NASA_POWER,1.957557,BCB_PTAX,68.609545,EIA,0.4403,AppEEARS:MOD13Q1.061:_250m_16_days_NDVI,,
2009-07-01,sorriso_mt,"Sorriso, MT",-12.5425,-55.7211,3.12,24.817097,34.8,15.09,64.327742,0.076452,NASA_POWER,1.932752,BCB_PTAX,64.435455,EIA,0.3878,AppEEARS:MOD13Q1.061:_250m_16_days_NDVI,,
2009-08-01,sorriso_mt,"Sorriso, MT",-12.5425,-55.7211,43.79,26.759677,36.83,16.48,54.430323,0.099032,NASA_POWER,1.845181,BCB_PTAX,72.508571,EIA,0.36615,AppEEARS:MOD13Q1.061:_250m_16_days_NDVI,,
2009-09-01,sorriso_mt,"Sorriso, MT",-12.5425,-55.7211,79.51,27.938667,38.1,19.7,66.252667,0.077667,NASA_POWER,1.819795,BCB_PTAX,67.64619,EIA,0.42105,AppEEARS:MOD13Q1.061:_250m_16_days_NDVI,,
2009-10-01,sorriso_mt,"Sorriso, MT",-12.5425,-55.7211,124.61,27.371935,37.13,20.86,71.437419,0.06871,NASA_POWER,1.738419,BCB_PTAX,72.769545,EIA,0.4461,AppEEARS:MOD13Q1.061:_250m_16_days_NDVI,,
2009-11-01,sorriso_mt,"Sorriso, MT",-12.5425,-55.7211,270.44,25.701667,32.85,20.23,83.565,0.085,NASA_POWER,1.72616,BCB_PTAX,76.662,EIA,0.5286,AppEEARS:MOD13Q1.061:_250m_16_days_NDVI,,
2009-12-01,sorriso_mt,"Sorriso, MT",-12.5425,-55.7211,224.24,24.384839,29.63,20.41,90.335484,0.08129,NASA_POWER,1.750314,BCB_PTAX,73.848333,EIA,0.30045,AppEEARS:MOD13Q1.061:_250m_16_days_NDVI,,
2010-01-01,sorriso_mt,"Sorriso, MT",-12.5425,-55.7211,330.87,24.580645,29.66,20.37,92.210968,0.068065,NASA_POWER,1.77982,BCB_PTAX,76.167368,EIA,0.35945,AppEEARS:MOD13Q1.061:_250m_16_days_NDVI,,
2010-02-01,sorriso_mt,"Sorriso, MT",-12.5425,-55.7211,303.34,25.102143,30.53,21.19,90.090714,0.072857,NASA_POWER,1.841633,BCB_PTAX,73.752105,EIA,0.4506,AppEEARS:MOD13Q1.061:_250m_16_days_NDVI,,
2010-03-01,sorriso_mt,"Sorriso, MT",-12.5425,-55.7211,280.96,25.00129,30.1,20.93,91.16,0.108065,NASA_POWER,1.785843,BCB_PTAX,78.827391,EIA,0.4596,AppEEARS:MOD13Q1.061:_250m_16_days_NDVI,,
2010-04-01,sorriso_mt,"Sorriso, MT",-12.5425,-55.7211,38.13,24.588,29.99,17.1,88.919,0.071667,NASA_POWER,1.75657,BCB_PTAX,84.817619,EIA,0.45485,AppEEARS:MOD13Q1.061:_250m_16_days_NDVI,,
2010-05-01,sorriso_mt,"Sorriso, MT",-12.5425,-55.7211,45.05,23.083226,29.8,11.27,85.739677,0.086452,NASA_POWER,1.81319,BCB_PTAX,75.9455,EIA,0.41995,AppEEARS:MOD13Q1.061:_250m_16_days_NDVI,,
2010-06-01,sorriso_mt,"Sorriso, MT",-12.5425,-55.7211,0.31,24.212667,33.33,16.21,67.673667,0.142,NASA_POWER,1.806529,BCB_PTAX,74.760909,EIA,0.38195,AppEEARS:MOD13Q1.061:_250m_16_days_NDVI,,
2010-07-01,sorriso_mt,"Sorriso, MT",-12.5425,-55.7211,2.3,25.143871,35.44,13.2,54.533548,0.171613,NASA_POWER,1.769636,BCB_PTAX,75.58,EIA,0.341,AppEEARS:MOD13Q1.061:_250m_16_days_NDVI,,
2010-08-01,sorriso_mt,"Sorriso, MT",-12.5425,-55.7211,0.01,26.59129,39.06,16.03,36.054839,0.150968,NASA_POWER,1.759564,BCB_PTAX,77.039545,EIA,0.33465,AppEEARS:MOD13Q1.061:_250m_16_days_NDVI,,
2010-09-01,sorriso_mt,"Sorriso, MT",-12.5425,-55.7211,2.62,30.429667,40.48,19.87,31.050333,0.135,NASA_POWER,1.71871,BCB_PTAX,77.840476,EIA,0.3394,AppEEARS:MOD13Q1.061:_250m_16_days_NDVI,,
2010-10-01,sorriso_mt,"Sorriso, MT",-12.5425,-55.7211,189.81,27.627097,38.26,21.59,70.705161,0.074516,NASA_POWER,1.6835,BCB_PTAX,82.664762,EIA,0.306,AppEEARS:MOD13Q1.061:_250m_16_days_NDVI,,
2010-11-01,sorriso_mt,"Sorriso, MT",-12.5425,-55.7211,189.35,25.04,31.13,20.66,86.791,0.073,NASA_POWER,1.71333,BCB_PTAX,85.274762,EIA,0.4094,AppEEARS:MOD13Q1.061:_250m_16_days_NDVI,,
2010-12-01,sorriso_mt,"Sorriso, MT",-12.5425,-55.7211,233.87,24.230645,30.31,17.25,89.535161,0.102581,NASA_POWER,1.693413,BCB_PTAX,91.446818,EIA,0.3709,AppEEARS:MOD13Q1.061:_250m_16_days_NDVI,,
2011-01-01,sorriso_mt,"Sorriso, MT",-12.5425,-55.7211,280.41,24.014516,29.32,20.1,91.647419,0.10871,NASA_POWER,1.674914,BCB_PTAX,96.5235,EIA,0.39085,AppEEARS:MOD13Q1.061:_250m_16_days_NDVI,,
2011-02-01,sorriso_mt,"Sorriso, MT",-12.5425,-55.7211,347.35,23.860714,29.05,19.95,91.920357,0.093571,NASA_POWER,1.66799,BCB_PTAX,103.716316,EIA,0.31485,AppEEARS:MOD13Q1.061:_250m_16_days_NDVI,,
2011-03-01,sorriso_mt,"Sorriso, MT",-12.5425,-55.7211,206.37,24.300645,28.95,20.78,91.28129,0.087419,NASA_POWER,1.6591,BCB_PTAX,114.643478,EIA,0.4433,AppEEARS:MOD13Q1.061:_250m_16_days_NDVI,,
2011-04-01,sorriso_mt,"Sorriso, MT",-12.5425,-55.7211,102.35,24.311,28.86,20.01,90.567,0.105,NASA_POWER,1.586447,BCB_PTAX,123.258889,EIA,0.46835,AppEEARS:MOD13Q1.061:_250m_16_days_NDVI,,
2011-05-01,sorriso_mt,"Sorriso, MT",-12.5425,-55.7211,1.78,22.948065,28.61,15.27,87.897097,0.070968,NASA_POWER,1.613491,BCB_PTAX,114.989048,EIA,0.4153,AppEEARS:MOD13Q1.061:_250m_16_days_NDVI,,
2011-06-01,sorriso_mt,"Sorriso, MT",-12.5425,-55.7211,12.44,22.873,31.52,13.56,78.042333,0.129667,NASA_POWER,1.587043,BCB_PTAX,113.833182,EIA,0.39385,AppEEARS:MOD13Q1.061:_250m_16_days_NDVI,,
2011-07-01,sorriso_mt,"Sorriso, MT",-12.5425,-55.7211,0.03,24.830645,34.88,15.51,58.456129,0.149032,NASA_POWER,1.563938,BCB_PTAX,116.9735,EIA,0.34995,AppEEARS:MOD13Q1.061:_250m_16_days_NDVI,,
2011-08-01,sorriso_mt,"Sorriso, MT",-12.5425,-55.7211,0.64,27.790645,38.84,15.34,42.385484,0.157742,NASA_POWER,1.597009,BCB_PTAX,110.219545,EIA,0.3412,AppEEARS:MOD13Q1.061:_250m_16_days_NDVI,,
2011-09-01,sorriso_mt,"Sorriso, MT",-12.5425,-55.7211,42.22,30.180333,40.76,20.47,38.046333,0.083667,NASA_POWER,1.749776,BCB_PTAX,112.83381,EIA,0.38605,AppEEARS:MOD13Q1.061:_250m_16_days_NDVI,,
2011-10-01,sorriso_mt,"Sorriso, MT",-12.5425,-55.7211,158.83,26.451935,35.23,20.95,76.671613,0.072903,NASA_POWER,1.77257,BCB_PTAX,109.55,EIA,0.3938,AppEEARS:MOD13Q1.061:_250m_16_days_NDVI,,
2011-11-01,sorriso_mt,"Sorriso, MT",-12.5425,-55.7211,184.54,25.238,32.18,20.78,84.735333,0.067,NASA_POWER,1.79049,BCB_PTAX,110.768095,EIA,0.5024,AppEEARS:MOD13Q1.061:_250m_16_days_NDVI,,
2011-12-01,sorriso_mt,"Sorriso, MT",-12.5425,-55.7211,220.6,24.666129,30.48,20.62,88.95871,0.085806,NASA_POWER,1.836886,BCB_PTAX,108.616667,EIA,0.3279,AppEEARS:MOD13Q1.061:_250m_16_days_NDVI,,
2012-01-01,sorriso_mt,"Sorriso, MT",-12.5425,-55.7211,301.29,23.892258,29.31,19.79,92.327419,0.075484,NASA_POWER,1.789682,BCB_PTAX,110.686,EIA,0.50625,AppEEARS:MOD13Q1.061:_250m_16_days_NDVI,,
2012-02-01,sorriso_mt,"Sorriso, MT",-12.5425,-55.7211,269.78,24.077241,29.6,19.85,89.139655,0.118621,NASA_POWER,1.718395,BCB_PTAX,119.327,EIA,0.43065,AppEEARS:MOD13Q1.061:_250m_16_days_NDVI,,
2012-03-01,sorriso_mt,"Sorriso, MT",-12.5425,-55.7211,226.77,24.410323,29.16,19.44,89.312258,0.160645,NASA_POWER,1.795309,BCB_PTAX,125.445455,EIA,0.45515,AppEEARS:MOD13Q1.061:_250m_16_days_NDVI,,
2012-04-01,sorriso_mt,"Sorriso, MT",-12.5425,-55.7211,94.89,24.634,29.71,19.64,90.323667,0.132667,NASA_POWER,1.854835,BCB_PTAX,119.421667,EIA,0.43105,AppEEARS:MOD13Q1.061:_250m_16_days_NDVI,,
2012-05-01,sorriso_mt,"Sorriso, MT",-12.5425,-55.7211,47.64,23.271613,28.31,17.24,88.36,0.134839,NASA_POWER,1.985991,BCB_PTAX,110.339524,EIA,0.40065,AppEEARS:MOD13Q1.061:_250m_16_days_NDVI,,
2012-06-01,sorriso_mt,"Sorriso, MT",-12.5425,-55.7211,21.46,23.572,31.06,15.81,83.424,0.128,NASA_POWER,2.049195,BCB_PTAX,95.155714,EIA,0.3926,AppEEARS:MOD13Q1.061:_250m_16_days_NDVI,,
2012-07-01,sorriso_mt,"Sorriso, MT",-12.5425,-55.7211,0.0,24.354839,34.97,14.99,60.749677,0.108387,NASA_POWER,2.028736,BCB_PTAX,102.618571,EIA,0.3629,AppEEARS:MOD13Q1.061:_250m_16_days_NDVI,,
2012-08-01,sorriso_mt,"Sorriso, MT",-12.5425,-55.7211,0.0,26.962581,38.66,15.94,40.978065,0.16871,NASA_POWER,2.029443,BCB_PTAX,113.356087,EIA,0.32755,AppEEARS:MOD13Q1.061:_250m_16_days_NDVI,,
2012-09-01,sorriso_mt,"Sorriso, MT",-12.5425,-55.7211,80.99,29.118333,40.22,18.27,45.431667,0.152,NASA_POWER,2.028079,BCB_PTAX,112.863684,EIA,0.36725,AppEEARS:MOD13Q1.061:_250m_16_days_NDVI,,
2012-10-01,sorriso_mt,"Sorriso, MT",-12.5425,-55.7211,109.98,27.531613,37.7,20.99,70.770968,0.065484,NASA_POWER,2.029845,BCB_PTAX,111.71087,EIA,0.3913,AppEEARS:MOD13Q1.061:_250m_16_days_NDVI,,
2012-11-01,sorriso_mt,"Sorriso, MT",-12.5425,-55.7211,190.78,25.477333,34.05,20.92,84.567333,0.081,NASA_POWER,2.06775,BCB_PTAX,109.058571,EIA,0.3413,AppEEARS:MOD13Q1.061:_250m_16_days_NDVI,,
2012-12-01,sorriso_mt,"Sorriso, MT",-12.5425,-55.7211,123.64,25.640323,34.03,20.48,81.422903,0.082581,NASA_POWER,2.077835,BCB_PTAX,109.304783,EIA,0.39995,AppEEARS:MOD13Q1.061:_250m_16_days_NDVI,,
2013-01-01,sorriso_mt,"Sorriso, MT",-12.5425,-55.7211,191.94,25.377742,34.16,20.68,85.465806,0.074839,NASA_POWER,2.031077,BCB_PTAX,112.976111,EIA,0.39905,AppEEARS:MOD13Q1.061:_250m_16_days_NDVI,,
2013-02-01,sorriso_mt,"Sorriso, MT",-12.5425,-55.7211,331.35,24.447143,29.53,19.55,89.815357,0.1175,NASA_POWER,1.97325,BCB_PTAX,116.050526,EIA,0.43555,AppEEARS:MOD13Q1.061:_250m_16_days_NDVI,,
2013-03-01,sorriso_mt,"Sorriso, MT",-12.5425,-55.7211,202.8,24.754516,30.06,20.95,90.959677,0.109677,NASA_POWER,1.98284,BCB_PTAX,108.474,EIA,0.4749,AppEEARS:MOD13Q1.061:_250m_16_days_NDVI,,
2013-04-01,sorriso_mt,"Sorriso, MT",-12.5425,-55.7211,210.0,24.155667,29.32,19.21,91.091333,0.100333,NASA_POWER,2.002214,BCB_PTAX,102.248182,EIA,0.45045,AppEEARS:MOD13Q1.061:_250m_16_days_NDVI,,
2013-05-01,sorriso_mt,"Sorriso, MT",-12.5425,-55.7211,47.61,23.967419,29.8,18.01,86.881935,0.110323,NASA_POWER,2.034843,BCB_PTAX,102.558636,EIA,0.4176,AppEEARS:MOD13Q1.061:_250m_16_days_NDVI,,
2013-06-01,sorriso_mt,"Sorriso, MT",-12.5425,-55.7211,2.71,24.922333,33.6,16.8,75.748333,0.13,NASA_POWER,2.172955,BCB_PTAX,102.9195,EIA,0.43555,AppEEARS:MOD13Q1.061:_250m_16_days_NDVI,,
2013-07-01,sorriso_mt,"Sorriso, MT",-12.5425,-55.7211,3.3,25.315806,35.78,13.29,55.720645,0.124839,NASA_POWER,2.25217,BCB_PTAX,107.933182,EIA,0.36835,AppEEARS:MOD13Q1.061:_250m_16_days_NDVI,,
2013-08-01,sorriso_mt,"Sorriso, MT",-12.5425,-55.7211,0.14,27.10871,37.97,15.66,39.313871,0.153548,NASA_POWER,2.342191,BCB_PTAX,111.280455,EIA,0.3285,AppEEARS:MOD13Q1.061:_250m_16_days_NDVI,,
2013-09-01,sorriso_mt,"Sorriso, MT",-12.5425,-55.7211,31.2,28.793333,39.37,19.9,50.796333,0.108,NASA_POWER,2.27051,BCB_PTAX,111.5965,EIA,0.38905,AppEEARS:MOD13Q1.061:_250m_16_days_NDVI,,
2013-10-01,sorriso_mt,"Sorriso, MT",-12.5425,-55.7211,185.42,26.336129,35.97,19.24,75.729355,0.066452,NASA_POWER,2.188648,BCB_PTAX,109.076522,EIA,0.4071,AppEEARS:MOD13Q1.061:_250m_16_days_NDVI,,
2013-11-01,sorriso_mt,"Sorriso, MT",-12.5425,-55.7211,194.08,24.866667,33.83,20.52,85.541333,0.081667,NASA_POWER,2.29535,BCB_PTAX,107.792,EIA,0.4285,AppEEARS:MOD13Q1.061:_250m_16_days_NDVI,,
2013-12-01,sorriso_mt,"Sorriso, MT",-12.5425,-55.7211,273.41,24.316774,29.76,20.47,92.000323,0.081613,NASA_POWER,2.345486,BCB_PTAX,101.286087,EIA,0.4823,AppEEARS:MOD13Q1.061:_250m_16_days_NDVI,,
2014-01-01,sorriso_mt,"Sorriso, MT",-12.5425,-55.7211,77.94,24.016774,29.25,18.35,87.793871,0.119677,NASA_POWER,2.382209,BCB_PTAX,108.204,EIA,0.46395,AppEEARS:MOD13Q1.061:_250m_16_days_NDVI,,
2014-02-01,sorriso_mt,"Sorriso, MT",-12.5425,-55.7211,242.04,24.061071,29.6,19.97,89.163571,0.096786,NASA_POWER,2.38368,BCB_PTAX,108.900526,EIA,0.4376,AppEEARS:MOD13Q1.061:_250m_16_days_NDVI,,
2014-03-01,sorriso_mt,"Sorriso, MT",-12.5425,-55.7211,138.11,24.549355,29.18,20.48,89.78,0.131613,NASA_POWER,2.326089,BCB_PTAX,107.480952,EIA,0.45145,AppEEARS:MOD13Q1.061:_250m_16_days_NDVI,,
2014-04-01,sorriso_mt,"Sorriso, MT",-12.5425,-55.7211,87.19,24.601,29.43,19.68,89.749333,0.138667,NASA_POWER,2.23277,BCB_PTAX,107.755238,EIA,0.4242,AppEEARS:MOD13Q1.061:_250m_16_days_NDVI,,
2014-05-01,sorriso_mt,"Sorriso, MT",-12.5425,-55.7211,11.9,25.215806,33.55,16.1,75.622581,0.078065,NASA_POWER,2.220881,BCB_PTAX,109.539091,EIA,0.41545,AppEEARS:MOD13Q1.061:_250m_16_days_NDVI,,
2014-06-01,sorriso_mt,"Sorriso, MT",-12.5425,-55.7211,19.48,25.448,34.72,15.87,66.562667,0.104,NASA_POWER,2.23547,BCB_PTAX,111.795238,EIA,0.3989,AppEEARS:MOD13Q1.061:_250m_16_days_NDVI,,
2014-07-01,sorriso_mt,"Sorriso, MT",-12.5425,-55.7211,2.78,26.368065,36.3,14.96,52.388387,0.119355,NASA_POWER,2.224648,BCB_PTAX,106.768182,EIA,0.35255,AppEEARS:MOD13Q1.061:_250m_16_days_NDVI,,
2014-08-01,sorriso_mt,"Sorriso, MT",-12.5425,-55.7211,4.1,28.609032,38.47,17.06,36.102258,0.139355,NASA_POWER,2.268029,BCB_PTAX,101.608095,EIA,0.38615,AppEEARS:MOD13Q1.061:_250m_16_days_NDVI,,
2014-09-01,sorriso_mt,"Sorriso, MT",-12.5425,-55.7211,64.43,29.507,39.32,20.9,51.589667,0.103333,NASA_POWER,2.332868,BCB_PTAX,97.091429,EIA,0.3632,AppEEARS:MOD13Q1.061:_250m_16_days_NDVI,,
2014-10-01,sorriso_mt,"Sorriso, MT",-12.5425,-55.7211,50.87,29.583548,41.42,21.73,54.841613,0.087742,NASA_POWER,2.448261,BCB_PTAX,87.425217,EIA,0.3876,AppEEARS:MOD13Q1.061:_250m_16_days_NDVI,,
2014-11-01,sorriso_mt,"Sorriso, MT",-12.5425,-55.7211,109.09,27.239333,37.47,21.34,72.538333,0.052,NASA_POWER,2.548365,BCB_PTAX,79.437895,EIA,0.4278,AppEEARS:MOD13Q1.061:_250m_16_days_NDVI,,
2014-12-01,sorriso_mt,"Sorriso, MT",-12.5425,-55.7211,270.42,24.708387,31.59,20.45,89.151935,0.073871,NASA_POWER,2.639364,BCB_PTAX,58.644783,EIA,0.4766,AppEEARS:MOD13Q1.061:_250m_16_days_NDVI,,
2015-01-01,sorriso_mt,"Sorriso, MT",-12.5425,-55.7211,63.59,25.50129,34.65,20.65,80.528065,0.074516,NASA_POWER,2.634229,BCB_PTAX,47.358421,EIA,0.434,AppEEARS:MOD13Q1.061:_250m_16_days_NDVI,,
2015-02-01,sorriso_mt,"Sorriso, MT",-12.5425,-55.7211,95.69,25.700714,34.43,19.97,79.1575,0.062143,NASA_POWER,2.81645,BCB_PTAX,58.0955,EIA,0.5558,AppEEARS:MOD13Q1.061:_250m_16_days_NDVI,,
2015-03-01,sorriso_mt,"Sorriso, MT",-12.5425,-55.7211,36.51,26.804839,36.07,20.76,73.054839,0.05,NASA_POWER,3.139477,BCB_PTAX,55.885455,EIA,0.35685,AppEEARS:MOD13Q1.061:_250m_16_days_NDVI,0.2657,AppEEARS:SPL3SMP_E.006:Soil_Moisture_Retrieval_Data_PM_soil_moisture_pm
2015-04-01,sorriso_mt,"Sorriso, MT",-12.5425,-55.7211,90.3,26.171333,34.45,20.91,78.767333,0.092333,NASA_POWER,3.04322,BCB_PTAX,59.524286,EIA,0.4552,AppEEARS:MOD13Q1.061:_250m_16_days_NDVI,0.249542,AppEEARS:SPL3SMP_E.006:Soil_Moisture_Retrieval_Data_PM_soil_moisture_pm
2015-05-01,sorriso_mt,"Sorriso, MT",-12.5425,-55.7211,27.73,26.283226,34.88,19.53,71.436129,0.065161,NASA_POWER,3.061715,BCB_PTAX,64.075,EIA,0.45035,AppEEARS:MOD13Q1.061:_250m_16_days_NDVI,0.196459,AppEEARS:SPL3SMP_E.006:Soil_Moisture_Retrieval_Data_PM_soil_moisture_pm
2015-06-01,sorriso_mt,"Sorriso, MT",-12.5425,-55.7211,1.54,27.019333,35.48,18.79,54.832,0.108,NASA_POWER,3.111738,BCB_PTAX,61.477727,EIA,0.3669,AppEEARS:MOD13Q1.061:_250m_16_days_NDVI,0.157988,AppEEARS:SPL3SMP_E.006:Soil_Moisture_Retrieval_Data_PM_soil_moisture_pm
2015-07-01,sorriso_mt,"Sorriso, MT",-12.5425,-55.7211,0.74,27.444839,36.66,17.31,41.933548,0.134839,NASA_POWER,3.223143,BCB_PTAX,56.561304,EIA,0.40795,AppEEARS:MOD13Q1.061:_250m_16_days_NDVI,0.174174,AppEEARS:SPL3SMP_E.006:Soil_Moisture_Retrieval_Data_PM_soil_moisture_pm
2015-08-01,sorriso_mt,"Sorriso, MT",-12.5425,-55.7211,2.04,29.485806,39.93,18.2,30.706129,0.140645,NASA_POWER,3.514305,BCB_PTAX,46.515,EIA,0.38215,AppEEARS:MOD13Q1.061:_250m_16_days_NDVI,0.141264,AppEEARS:SPL3SMP_E.006:Soil_Moisture_Retrieval_Data_PM_soil_moisture_pm
2015-09-01,sorriso_mt,"Sorriso, MT",-12.5425,-55.7211,2.69,32.191667,40.77,22.0,32.814667,0.126333,NASA_POWER,3.906457,BCB_PTAX,47.623182,EIA,0.3449,AppEEARS:MOD13Q1.061:_250m_16_days_NDVI,0.150235,AppEEARS:SPL3SMP_E.006:Soil_Moisture_Retrieval_Data_PM_soil_moisture_pm
2015-10-01,sorriso_mt,"Sorriso, MT",-12.5425,-55.7211,89.5,30.601613,41.79,21.7,52.306774,0.073548,NASA_POWER,3.880138,BCB_PTAX,48.43,EIA,0.3817,AppEEARS:MOD13Q1.061:_250m_16_days_NDVI,0.213546,AppEEARS:SPL3SMP_E.006:Soil_Moisture_Retrieval_Data_PM_soil_moisture_pm
2015-11-01,sorriso_mt,"Sorriso, MT",-12.5425,-55.7211,84.4,28.740667,38.39,21.89,68.101333,0.044333,NASA_POWER,3.77646,BCB_PTAX,44.267619,EIA,0.383,AppEEARS:MOD13Q1.061:_250m_16_days_NDVI,0.242645,AppEEARS:SPL3SMP_E.006:Soil_Moisture_Retrieval_Data_PM_soil_moisture_pm
2015-12-01,sorriso_mt,"Sorriso, MT",-12.5425,-55.7211,150.76,28.145161,38.19,21.56,70.357742,0.074194,NASA_POWER,3.871136,BCB_PTAX,38.329444,EIA,0.398,AppEEARS:MOD13Q1.061:_250m_16_days_NDVI,0.233118,AppEEARS:SPL3SMP_E.006:Soil_Moisture_Retrieval_Data_PM_soil_moisture_pm
2016-01-01,sorriso_mt,"Sorriso, MT",-12.5425,-55.7211,204.02,25.379355,32.15,21.65,89.444839,0.051613,NASA_POWER,4.05235,BCB_PTAX,30.6995,EIA,0.3651,AppEEARS:MOD13Q1.061:_250m_16_days_NDVI,0.27176,AppEEARS:SPL3SMP_E.006:Soil_Moisture_Retrieval_Data_PM_soil_moisture_pm
2016-02-01,sorriso_mt,"Sorriso, MT",-12.5425,-55.7211,53.38,27.336552,36.59,21.23,74.567241,0.043793,NASA_POWER,3.973742,BCB_PTAX,32.1815,EIA,0.43285,AppEEARS:MOD13Q1.061:_250m_16_days_NDVI,0.27083,AppEEARS:SPL3SMP_E.006:Soil_Moisture_Retrieval_Data_PM_soil_moisture_pm
2016-03-01,sorriso_mt,"Sorriso, MT",-12.5425,-55.7211,170.29,26.037419,34.68,21.24,84.849032,0.084839,NASA_POWER,3.703918,BCB_PTAX,38.210455,EIA,0.47565,AppEEARS:MOD13Q1.061:_250m_16_days_NDVI,0.257557,AppEEARS:SPL3SMP_E.006:Soil_Moisture_Retrieval_Data_PM_soil_moisture_pm
2016-04-01,sorriso_mt,"Sorriso, MT",-12.5425,-55.7211,35.98,27.013667,35.48,15.78,71.404667,0.069,NASA_POWER,3.565845,BCB_PTAX,41.583333,EIA,0.4203,AppEEARS:MOD13Q1.061:_250m_16_days_NDVI,0.192732,AppEEARS:SPL3SMP_E.006:Soil_Moisture_Retrieval_Data_PM_soil_moisture_pm
2016-05-01,sorriso_mt,"Sorriso, MT",-12.5425,-55.7211,0.72,28.127742,36.98,17.53,59.529355,0.087097,NASA_POWER,3.53929,BCB_PTAX,46.742381,EIA,0.42165,AppEEARS:MOD13Q1.061:_250m_16_days_NDVI,0.164857,AppEEARS:SPL3SMP_E.006:Soil_Moisture_Retrieval_Data_PM_soil_moisture_pm
2016-06-01,sorriso_mt,"Sorriso, MT",-12.5425,-55.7211,18.69,26.866333,36.64,17.64,49.822667,0.086667,NASA_POWER,3.424477,BCB_PTAX,48.247273,EIA,0.3707,AppEEARS:MOD13Q1.061:_250m_16_days_NDVI,0.151966,AppEEARS:SPL3SMP_E.006:Soil_Moisture_Retrieval_Data_PM_soil_moisture_pm
2016-07-01,sorriso_mt,"Sorriso, MT",-12.5425,-55.7211,0.0,27.182258,36.92,18.26,32.636129,0.135806,NASA_POWER,3.275567,BCB_PTAX,44.951905,EIA,0.33395,AppEEARS:MOD13Q1.061:_250m_16_days_NDVI,0.128293,AppEEARS:SPL3SMP_E.006:Soil_Moisture_Retrieval_Data_PM_soil_moisture_pm
2016-08-01,sorriso_mt,"Sorriso, MT",-12.5425,-55.7211,43.42,28.205806,38.99,17.22,40.846774,0.129677,NASA_POWER,3.209661,BCB_PTAX,45.843043,EIA,0.3505,AppEEARS:MOD13Q1.061:_250m_16_days_NDVI,0.163027,AppEEARS:SPL3SMP_E.006:Soil_Moisture_Retrieval_Data_PM_soil_moisture_pm
2016-09-01,sorriso_mt,"Sorriso, MT",-12.5425,-55.7211,97.54,27.961333,39.57,19.05,59.058667,0.098,NASA_POWER,3.256371,BCB_PTAX,46.567727,EIA,0.36085,AppEEARS:MOD13Q1.061:_250m_16_days_NDVI,0.228193,AppEEARS:SPL3SMP_E.006:Soil_Moisture_Retrieval_Data_PM_soil_moisture_pm
2016-10-01,sorriso_mt,"Sorriso, MT",-12.5425,-55.7211,116.81,27.494516,39.02,20.05,68.262903,0.07871,NASA_POWER,3.185845,BCB_PTAX,49.522381,EIA,0.3882,AppEEARS:MOD13Q1.061:_250m_16_days_NDVI,0.244456,AppEEARS:SPL3SMP_E.006:Soil_Moisture_Retrieval_Data_PM_soil_moisture_pm
2016-11-01,sorriso_mt,"Sorriso, MT",-12.5425,-55.7211,178.09,25.532333,33.75,21.57,84.462333,0.087667,NASA_POWER,3.34203,BCB_PTAX,44.734091,EIA,0.4341,AppEEARS:MOD13Q1.061:_250m_16_days_NDVI,0.245042,AppEEARS:SPL3SMP_E.006:Soil_Moisture_Retrieval_Data_PM_soil_moisture_pm
2016-12-01,sorriso_mt,"Sorriso, MT",-12.5425,-55.7211,228.81,24.885806,32.69,20.01,87.266129,0.114516,NASA_POWER,3.352268,BCB_PTAX,53.3085,EIA,0.41185,AppEEARS:MOD13Q1.061:_250m_16_days_NDVI,0.262051,AppEEARS:SPL3SMP_E.006:Soil_Moisture_Retrieval_Data_PM_soil_moisture_pm
2017-01-01,sorriso_mt,"Sorriso, MT",-12.5425,-55.7211,176.29,24.44129,30.33,20.57,90.059677,0.103226,NASA_POWER,3.196609,BCB_PTAX,54.576667,EIA,0.43555,AppEEARS:MOD13Q1.061:_250m_16_days_NDVI,0.278166,AppEEARS:SPL3SMP_E.006:Soil_Moisture_Retrieval_Data_PM_soil_moisture_pm
2017-02-01,sorriso_mt,"Sorriso, MT",-12.5425,-55.7211,249.09,23.987143,28.98,20.02,91.248214,0.102143,NASA_POWER,3.104194,BCB_PTAX,54.8695,EIA,0.3972,AppEEARS:MOD13Q1.061:_250m_16_days_NDVI,0.30292,AppEEARS:SPL3SMP_E.006:Soil_Moisture_Retrieval_Data_PM_soil_moisture_pm
2017-03-01,sorriso_mt,"Sorriso, MT",-12.5425,-55.7211,209.88,24.829032,29.97,20.75,89.862581,0.15129,NASA_POWER,3.12793,BCB_PTAX,51.58913,EIA,0.4758,AppEEARS:MOD13Q1.061:_250m_16_days_NDVI,0.24357,AppEEARS:SPL3SMP_E.006:Soil_Moisture_Retrieval_Data_PM_soil_moisture_pm
2017-04-01,sorriso_mt,"Sorriso, MT",-12.5425,-55.7211,129.87,24.861,29.59,19.77,89.783,0.138667,NASA_POWER,3.136172,BCB_PTAX,52.307895,EIA,0.4584,AppEEARS:MOD13Q1.061:_250m_16_days_NDVI,0.227771,AppEEARS:SPL3SMP_E.006:Soil_Moisture_Retrieval_Data_PM_soil_moisture_pm
2017-05-01,sorriso_mt,"Sorriso, MT",-12.5425,-55.7211,33.47,24.640968,29.76,17.86,87.896774,0.147742,NASA_POWER,3.209509,BCB_PTAX,50.326522,EIA,0.41855,AppEEARS:MOD13Q1.061:_250m_16_days_NDVI,0.212996,AppEEARS:SPL3SMP_E.006:Soil_Moisture_Retrieval_Data_PM_soil_moisture_pm
2017-06-01,sorriso_mt,"Sorriso, MT",-12.5425,-55.7211,6.66,24.465333,33.13,16.08,66.257,0.119667,NASA_POWER,3.295367,BCB_PTAX,46.368182,EIA,0.39975,AppEEARS:MOD13Q1.061:_250m_16_days_NDVI,0.200081,AppEEARS:SPL3SMP_E.006:Soil_Moisture_Retrieval_Data_PM_soil_moisture_pm
2017-07-01,sorriso_mt,"Sorriso, MT",-12.5425,-55.7211,0.0,24.449355,35.31,12.24,45.850323,0.098387,NASA_POWER,3.206138,BCB_PTAX,48.478571,EIA,0.35915,AppEEARS:MOD13Q1.061:_250m_16_days_NDVI,0.176403,AppEEARS:SPL3SMP_E.006:Soil_Moisture_Retrieval_Data_PM_soil_moisture_pm
2017-08-01,sorriso_mt,"Sorriso, MT",-12.5425,-55.7211,25.51,28.025161,38.87,16.92,43.62,0.136452,NASA_POWER,3.150917,BCB_PTAX,51.704348,EIA,0.3522,AppEEARS:MOD13Q1.061:_250m_16_days_NDVI,0.190759,AppEEARS:SPL3SMP_E.006:Soil_Moisture_Retrieval_Data_PM_soil_moisture_pm
2017-09-01,sorriso_mt,"Sorriso, MT",-12.5425,-55.7211,88.82,28.857333,39.41,18.8,42.699667,0.059,NASA_POWER,3.13479,BCB_PTAX,56.152857,EIA,0.3608,AppEEARS:MOD13Q1.061:_250m_16_days_NDVI,0.189097,AppEEARS:SPL3SMP_E.006:Soil_Moisture_Retrieval_Data_PM_soil_moisture_pm
2017-10-01,sorriso_mt,"Sorriso, MT",-12.5425,-55.7211,145.66,28.183871,39.86,17.35,66.423871,0.084194,NASA_POWER,3.191229,BCB_PTAX,57.507727,EIA,0.3983,AppEEARS:MOD13Q1.061:_250m_16_days_NDVI,0.258143,AppEEARS:SPL3SMP_E.006:Soil_Moisture_Retrieval_Data_PM_soil_moisture_pm
2017-11-01,sorriso_mt,"Sorriso, MT",-12.5425,-55.7211,247.03,25.471,33.68,21.55,85.874333,0.077,NASA_POWER,3.25938,BCB_PTAX,62.714091,EIA,0.4191,AppEEARS:MOD13Q1.061:_250m_16_days_NDVI,0.261424,AppEEARS:SPL3SMP_E.006:Soil_Moisture_Retrieval_Data_PM_soil_moisture_pm
2017-12-01,sorriso_mt,"Sorriso, MT",-12.5425,-55.7211,248.84,24.593871,29.47,20.84,90.469355,0.098065,NASA_POWER,3.291915,BCB_PTAX,63.001364,EIA,0.3264,AppEEARS:MOD13Q1.061:_250m_16_days_NDVI,0.263248,AppEEARS:SPL3SMP_E.006:Soil_Moisture_Retrieval_Data_PM_soil_moisture_pm
2018-01-01,sorriso_mt,"Sorriso, MT",-12.5425,-55.7211,366.3,24.336129,29.82,20.19,90.28129,0.123548,NASA_POWER,3.210609,BCB_PTAX,69.077273,EIA,0.4214,AppEEARS:MOD13Q1.061:_250m_16_days_NDVI,0.279061,AppEEARS:SPL3SMP_E.006:Soil_Moisture_Retrieval_Data_PM_soil_moisture_pm
2018-02-01,sorriso_mt,"Sorriso, MT",-12.5425,-55.7211,358.16,24.388214,29.78,20.62,91.873214,0.082857,NASA_POWER,3.2415,BCB_PTAX,65.3175,EIA,0.47775,AppEEARS:MOD13Q1.061:_250m_16_days_NDVI,0.305599,AppEEARS:SPL3SMP_E.006:Soil_Moisture_Retrieval_Data_PM_soil_moisture_pm
2018-03-01,sorriso_mt,"Sorriso, MT",-12.5425,-55.7211,429.99,24.73129,29.93,20.59,90.723871,0.108387,NASA_POWER,3.279214,BCB_PTAX,66.016667,EIA,0.56705,AppEEARS:MOD13Q1.061:_250m_16_days_NDVI,0.254349,AppEEARS:SPL3SMP_E.006:Soil_Moisture_Retrieval_Data_PM_soil_moisture_pm
2018-04-01,sorriso_mt,"Sorriso, MT",-12.5425,-55.7211,115.33,24.187333,28.76,19.49,90.363333,0.096,NASA_POWER,3.407495,BCB_PTAX,72.106,EIA,0.4674,AppEEARS:MOD13Q1.061:_250m_16_days_NDVI,0.232826,AppEEARS:SPL3SMP_E.006:Soil_Moisture_Retrieval_Data_PM_soil_moisture_pm
2018-05-01,sorriso_mt,"Sorriso, MT",-12.5425,-55.7211,73.74,22.888387,28.43,14.21,88.975161,0.149677,NASA_POWER,3.636057,BCB_PTAX,76.975238,EIA,0.4476,AppEEARS:MOD13Q1.061:_250m_16_days_NDVI,0.192634,AppEEARS:SPL3SMP_E.006:Soil_Moisture_Retrieval_Data_PM_soil_moisture_pm
2018-06-01,sorriso_mt,"Sorriso, MT",-12.5425,-55.7211,0.55,22.248,29.29,14.46,82.012667,0.201667,NASA_POWER,3.773171,BCB_PTAX,74.404762,EIA,0.42325,AppEEARS:MOD13Q1.061:_250m_16_days_NDVI,0.182067,AppEEARS:SPL3SMP_E.006:Soil_Moisture_Retrieval_Data_PM_soil_moisture_pm
2018-07-01,sorriso_mt,"Sorriso, MT",-12.5425,-55.7211,0.63,23.923548,35.25,13.42,57.678065,0.230645,NASA_POWER,3.828764,BCB_PTAX,74.254091,EIA,0.36635,AppEEARS:MOD13Q1.061:_250m_16_days_NDVI,0.16201,AppEEARS:SPL3SMP_E.006:Soil_Moisture_Retrieval_Data_PM_soil_moisture_pm
2018-08-01,sorriso_mt,"Sorriso, MT",-12.5425,-55.7211,5.09,27.705806,38.08,18.12,48.697097,0.149032,NASA_POWER,3.929757,BCB_PTAX,72.528261,EIA,0.36775,AppEEARS:MOD13Q1.061:_250m_16_days_NDVI,0.171422,AppEEARS:SPL3SMP_E.006:Soil_Moisture_Retrieval_Data_PM_soil_moisture_pm
2018-09-01,sorriso_mt,"Sorriso, MT",-12.5425,-55.7211,37.36,28.455667,39.71,17.43,49.834333,0.109,NASA_POWER,4.116547,BCB_PTAX,78.891,EIA,0.37505,AppEEARS:MOD13Q1.061:_250m_16_days_NDVI,0.197571,AppEEARS:SPL3SMP_E.006:Soil_Moisture_Retrieval_Data_PM_soil_moisture_pm
2018-10-01,sorriso_mt,"Sorriso, MT",-12.5425,-55.7211,131.09,27.63129,37.95,20.56,71.757742,0.07129,NASA_POWER,3.758409,BCB_PTAX,81.032174,EIA,0.3221,AppEEARS:MOD13Q1.061:_250m_16_days_NDVI,0.2531,AppEEARS:SPL3SMP_E.006:Soil_Moisture_Retrieval_Data_PM_soil_moisture_pm
2018-11-01,sorriso_mt,"Sorriso, MT",-12.5425,-55.7211,219.41,25.481,33.85,20.8,85.223667,0.052667,NASA_POWER,3.786665,BCB_PTAX,64.748182,EIA,0.29375,AppEEARS:MOD13Q1.061:_250m_16_days_NDVI,0.255692,AppEEARS:SPL3SMP_E.006:Soil_Moisture_Retrieval_Data_PM_soil_moisture_pm
2018-12-01,sorriso_mt,"Sorriso, MT",-12.5425,-55.7211,165.5,25.024839,32.66,19.63,85.754516,0.069677,NASA_POWER,3.885055,BCB_PTAX,59.398095,EIA,0.45285,AppEEARS:MOD13Q1.061:_250m_16_days_NDVI,0.26294,AppEEARS:SPL3SMP_E.006:Soil_Moisture_Retrieval_Data_PM_soil_moisture_pm
2019-01-01,sorriso_mt,"Sorriso, MT",-12.5425,-55.7211,178.99,25.090323,33.4,20.14,84.054839,0.112581,NASA_POWER,3.741682,BCB_PTAX,60.214737,EIA,0.42,AppEEARS:MOD13Q1.061:_250m_16_days_NDVI,0.287072,AppEEARS:SPL3SMP_E.006:Soil_Moisture_Retrieval_Data_PM_soil_moisture_pm
2019-02-01,sorriso_mt,"Sorriso, MT",-12.5425,-55.7211,203.12,25.356071,33.27,21.18,86.423214,0.1125,NASA_POWER,3.723625,BCB_PTAX,63.9605,EIA,0.4502,AppEEARS:MOD13Q1.061:_250m_16_days_NDVI,0.288304,AppEEARS:SPL3SMP_E.006:Soil_Moisture_Retrieval_Data_PM_soil_moisture_pm
2019-03-01,sorriso_mt,"Sorriso, MT",-12.5425,-55.7211,172.58,24.702581,30.17,20.6,91.001613,0.103548,NASA_POWER,3.846484,BCB_PTAX,66.138571,EIA,0.4987,AppEEARS:MOD13Q1.061:_250m_16_days_NDVI,0.255317,AppEEARS:SPL3SMP_E.006:Soil_Moisture_Retrieval_Data_PM_soil_moisture_pm
2019-04-01,sorriso_mt,"Sorriso, MT",-12.5425,-55.7211,87.18,24.982667,29.8,19.51,88.872333,0.145667,NASA_POWER,3.896157,BCB_PTAX,71.233333,EIA,0.47005,AppEEARS:MOD13Q1.061:_250m_16_days_NDVI,0.232812,AppEEARS:SPL3SMP_E.006:Soil_Moisture_Retrieval_Data_PM_soil_moisture_pm
2019-05-01,sorriso_mt,"Sorriso, MT",-12.5425,-55.7211,8.02,26.277742,34.58,16.91,70.748387,0.116774,NASA_POWER,4.001518,BCB_PTAX,71.317727,EIA,0.41745,AppEEARS:MOD13Q1.061:_250m_16_days_NDVI,0.200295,AppEEARS:SPL3SMP_E.006:Soil_Moisture_Retrieval_Data_PM_soil_moisture_pm
2019-06-01,sorriso_mt,"Sorriso, MT",-12.5425,-55.7211,2.17,26.163333,35.13,17.07,55.692667,0.148667,NASA_POWER,3.858826,BCB_PTAX,64.2205,EIA,0.3882,AppEEARS:MOD13Q1.061:_250m_16_days_NDVI,0.183606,AppEEARS:SPL3SMP_E.006:Soil_Moisture_Retrieval_Data_PM_soil_moisture_pm
2019-07-01,sorriso_mt,"Sorriso, MT",-12.5425,-55.7211,0.58,26.652258,36.47,15.47,41.055161,0.131613,NASA_POWER,3.779339,BCB_PTAX,63.91913,EIA,0.36055,AppEEARS:MOD13Q1.061:_250m_16_days_NDVI,0.148299,AppEEARS:SPL3SMP_E.006:Soil_Moisture_Retrieval_Data_PM_soil_moisture_pm
2019-08-01,sorriso_mt,"Sorriso, MT",-12.5425,-55.7211,0.05,29.37129,39.37,16.57,31.639677,0.092258,NASA_POWER,4.019982,BCB_PTAX,59.041818,EIA,0.338,AppEEARS:MOD13Q1.061:_250m_16_days_NDVI,0.14508,AppEEARS:SPL3SMP_E.006:Soil_Moisture_Retrieval_Data_PM_soil_moisture_pm
2019-09-01,sorriso_mt,"Sorriso, MT",-12.5425,-55.7211,11.38,31.322,40.91,21.05,33.312667,0.147,NASA_POWER,4.1215,BCB_PTAX,62.826667,EIA,0.35625,AppEEARS:MOD13Q1.061:_250m_16_days_NDVI,0.173747,AppEEARS:SPL3SMP_E.006:Soil_Moisture_Retrieval_Data_PM_soil_moisture_pm
2019-10-01,sorriso_mt,"Sorriso, MT",-12.5425,-55.7211,182.61,27.260968,36.5,20.33,72.359355,0.070323,NASA_POWER,4.086987,BCB_PTAX,59.713043,EIA,0.3887,AppEEARS:MOD13Q1.061:_250m_16_days_NDVI,0.258938,AppEEARS:SPL3SMP_E.006:Soil_Moisture_Retrieval_Data_PM_soil_moisture_pm
2019-11-01,sorriso_mt,"Sorriso, MT",-12.5425,-55.7211,161.48,26.241333,35.25,20.72,79.940333,0.099333,NASA_POWER,4.155345,BCB_PTAX,63.211905,EIA,0.4649,AppEEARS:MOD13Q1.061:_250m_16_days_NDVI,0.23819,AppEEARS:SPL3SMP_E.006:Soil_Moisture_Retrieval_Data_PM_soil_moisture_pm
2019-12-01,sorriso_mt,"Sorriso, MT",-12.5425,-55.7211,202.19,25.85,33.12,21.2,85.023548,0.094194,NASA_POWER,4.10959,BCB_PTAX,64.294348,EIA,0.3982,AppEEARS:MOD13Q1.061:_250m_16_days_NDVI,0.248055,AppEEARS:SPL3SMP_E.006:Soil_Moisture_Retrieval_Data_PM_soil_moisture_pm
2020-01-01,sorriso_mt,"Sorriso, MT",-12.5425,-55.7211,129.33,25.521935,32.36,21.83,86.911935,0.102903,NASA_POWER,4.149464,BCB_PTAX,63.2035,EIA,0.4329,AppEEARS:MOD13Q1.061:_250m_16_days_NDVI,0.28925,AppEEARS:SPL3SMP_E.006:Soil_Moisture_Retrieval_Data_PM_soil_moisture_pm
2020-02-01,sorriso_mt,"Sorriso, MT",-12.5425,-55.7211,169.68,25.628621,33.44,20.25,85.184138,0.106207,NASA_POWER,4.341011,BCB_PTAX,55.657,EIA,0.4452,AppEEARS:MOD13Q1.061:_250m_16_days_NDVI,0.278403,AppEEARS:SPL3SMP_E.006:Soil_Moisture_Retrieval_Data_PM_soil_moisture_pm
2020-03-01,sorriso_mt,"Sorriso, MT",-12.5425,-55.7211,143.48,25.297419,31.85,21.55,88.980645,0.05129,NASA_POWER,4.883855,BCB_PTAX,32.011364,EIA,0.33635,AppEEARS:MOD13Q1.061:_250m_16_days_NDVI,0.235655,AppEEARS:SPL3SMP_E.006:Soil_Moisture_Retrieval_Data_PM_soil_moisture_pm
2020-04-01,sorriso_mt,"Sorriso, MT",-12.5425,-55.7211,160.58,24.752333,30.77,19.74,90.130667,0.125,NASA_POWER,5.32558,BCB_PTAX,18.3785,EIA,0.4549,AppEEARS:MOD13Q1.061:_250m_16_days_NDVI,0.202018,AppEEARS:SPL3SMP_E.006:Soil_Moisture_Retrieval_Data_PM_soil_moisture_pm
2020-05-01,sorriso_mt,"Sorriso, MT",-12.5425,-55.7211,39.71,23.802581,31.3,14.45,79.102903,0.055484,NASA_POWER,5.643445,BCB_PTAX,29.378947,EIA,0.4234,AppEEARS:MOD13Q1.061:_250m_16_days_NDVI,0.186116,AppEEARS:SPL3SMP_E.006:Soil_Moisture_Retrieval_Data_PM_soil_moisture_pm
2020-06-01,sorriso_mt,"Sorriso, MT",-12.5425,-55.7211,0.32,25.294333,33.73,16.45,65.916333,0.166667,NASA_POWER,5.1966,BCB_PTAX,40.266818,EIA,0.3813,AppEEARS:MOD13Q1.061:_250m_16_days_NDVI,0.159472,AppEEARS:SPL3SMP_E.006:Soil_Moisture_Retrieval_Data_PM_soil_moisture_pm
2020-07-01,sorriso_mt,"Sorriso, MT",-12.5425,-55.7211,4.96,26.336129,35.69,16.92,45.895161,0.164839,NASA_POWER,5.280191,BCB_PTAX,43.242174,EIA,0.3435,AppEEARS:MOD13Q1.061:_250m_16_days_NDVI,0.143015,AppEEARS:SPL3SMP_E.006:Soil_Moisture_Retrieval_Data_PM_soil_moisture_pm
2020-08-01,sorriso_mt,"Sorriso, MT",-12.5425,-55.7211,0.03,28.442258,39.47,15.45,33.53871,0.12871,NASA_POWER,5.461233,BCB_PTAX,44.736,EIA,0.32035,AppEEARS:MOD13Q1.061:_250m_16_days_NDVI,0.121995,AppEEARS:SPL3SMP_E.006:Soil_Moisture_Retrieval_Data_PM_soil_moisture_pm
2020-09-01,sorriso_mt,"Sorriso, MT",-12.5425,-55.7211,2.35,31.152,41.59,22.27,31.891667,0.134667,NASA_POWER,5.399486,BCB_PTAX,40.909545,EIA,0.3234,AppEEARS:MOD13Q1.061:_250m_16_days_NDVI,0.135328,AppEEARS:SPL3SMP_E.006:Soil_Moisture_Retrieval_Data_PM_soil_moisture_pm
2020-10-01,sorriso_mt,"Sorriso, MT",-12.5425,-55.7211,108.14,30.732581,42.03,20.98,51.562258,0.073871,NASA_POWER,5.62579,BCB_PTAX,40.189545,EIA,0.3344,AppEEARS:MOD13Q1.061:_250m_16_days_NDVI,0.229188,AppEEARS:SPL3SMP_E.006:Soil_Moisture_Retrieval_Data_PM_soil_moisture_pm
2020-11-01,sorriso_mt,"Sorriso, MT",-12.5425,-55.7211,90.34,27.919,37.87,21.58,68.215667,0.041,NASA_POWER,5.417835,BCB_PTAX,42.692381,EIA,0.4433,AppEEARS:MOD13Q1.061:_250m_16_days_NDVI,0.25217,AppEEARS:SPL3SMP_E.006:Soil_Moisture_Retrieval_Data_PM_soil_moisture_pm
2020-12-01,sorriso_mt,"Sorriso, MT",-12.5425,-55.7211,128.22,26.993871,37.78,20.48,74.093548,0.066452,NASA_POWER,5.145586,BCB_PTAX,49.81,EIA,0.39975,AppEEARS:MOD13Q1.061:_250m_16_days_NDVI,0.25787,AppEEARS:SPL3SMP_E.006:Soil_Moisture_Retrieval_Data_PM_soil_moisture_pm
2021-01-01,sorriso_mt,"Sorriso, MT",-12.5425,-55.7211,105.74,26.637419,35.55,19.22,75.618065,0.07,NASA_POWER,5.356245,BCB_PTAX,54.774,EIA,0.38185,AppEEARS:MOD13Q1.061:_250m_16_days_NDVI,0.247929,AppEEARS:SPL3SMP_E.006:Soil_Moisture_Retrieval_Data_PM_soil_moisture_pm
2021-02-01,sorriso_mt,"Sorriso, MT",-12.5425,-55.7211,312.83,25.488929,35.57,21.03,85.038571,0.055714,NASA_POWER,5.416494,BCB_PTAX,62.2765,EIA,0.3338,AppEEARS:MOD13Q1.061:_250m_16_days_NDVI,0.295213,AppEEARS:SPL3SMP_E.006:Soil_Moisture_Retrieval_Data_PM_soil_moisture_pm
2021-03-01,sorriso_mt,"Sorriso, MT",-12.5425,-55.7211,327.64,24.099677,29.31,20.16,91.367097,0.097097,NASA_POWER,5.646148,BCB_PTAX,65.41,EIA,0.4517,AppEEARS:MOD13Q1.061:_250m_16_days_NDVI,0.274871,AppEEARS:SPL3SMP_E.006:Soil_Moisture_Retrieval_Data_PM_soil_moisture_pm
2021-04-01,sorriso_mt,"Sorriso, MT",-12.5425,-55.7211,79.04,24.232667,29.47,19.25,90.463333,0.105333,NASA_POWER,5.562135,BCB_PTAX,64.8065,EIA,0.41795,AppEEARS:MOD13Q1.061:_250m_16_days_NDVI,0.197947,AppEEARS:SPL3SMP_E.006:Soil_Moisture_Retrieval_Data_PM_soil_moisture_pm
2021-05-01,sorriso_mt,"Sorriso, MT",-12.5425,-55.7211,17.02,23.379355,31.11,16.71,85.482258,0.163871,NASA_POWER,5.291057,BCB_PTAX,68.534211,EIA,0.40455,AppEEARS:MOD13Q1.061:_250m_16_days_NDVI,0.166001,AppEEARS:SPL3SMP_E.006:Soil_Moisture_Retrieval_Data_PM_soil_moisture_pm
2021-06-01,sorriso_mt,"Sorriso, MT",-12.5425,-55.7211,6.92,24.839333,33.59,13.15,66.664333,0.178,NASA_POWER,5.031905,BCB_PTAX,73.164091,EIA,0.35205,AppEEARS:MOD13Q1.061:_250m_16_days_NDVI,0.151693,AppEEARS:SPL3SMP_E.006:Soil_Moisture_Retrieval_Data_PM_soil_moisture_pm
2021-07-01,sorriso_mt,"Sorriso, MT",-12.5425,-55.7211,4.56,24.875484,36.14,12.56,48.495484,0.197742,NASA_POWER,5.156705,BCB_PTAX,75.165909,EIA,0.32045,AppEEARS:MOD13Q1.061:_250m_16_days_NDVI,0.118059,AppEEARS:SPL3SMP_E.006:Soil_Moisture_Retrieval_Data_PM_soil_moisture_pm
2021-08-01,sorriso_mt,"Sorriso, MT",-12.5425,-55.7211,0.01,28.683226,39.38,17.73,34.762581,0.135161,NASA_POWER,5.251718,BCB_PTAX,70.747143,EIA,0.30615,AppEEARS:MOD13Q1.061:_250m_16_days_NDVI,0.116079,AppEEARS:SPL3SMP_E.006:Soil_Moisture_Retrieval_Data_PM_soil_moisture_pm
2021-09-01,sorriso_mt,"Sorriso, MT",-12.5425,-55.7211,53.55,30.295333,41.25,20.52,47.095333,0.173667,NASA_POWER,5.27969,BCB_PTAX,74.488636,EIA,0.3368,AppEEARS:MOD13Q1.061:_250m_16_days_NDVI,0.182075,AppEEARS:SPL3SMP_E.006:Soil_Moisture_Retrieval_Data_PM_soil_moisture_pm
2021-10-01,sorriso_mt,"Sorriso, MT",-12.5425,-55.7211,115.66,28.400645,37.98,21.13,67.999032,0.055806,NASA_POWER,5.53998,BCB_PTAX,83.538095,EIA,0.3594,AppEEARS:MOD13Q1.061:_250m_16_days_NDVI,0.240011,AppEEARS:SPL3SMP_E.006:Soil_Moisture_Retrieval_Data_PM_soil_moisture_pm
2021-11-01,sorriso_mt,"Sorriso, MT",-12.5425,-55.7211,250.98,25.093333,33.06,20.85,88.033,0.084667,NASA_POWER,5.55686,BCB_PTAX,81.05,EIA,0.31005,AppEEARS:MOD13Q1.061:_250m_16_days_NDVI,0.241227,AppEEARS:SPL3SMP_E.006:Soil_Moisture_Retrieval_Data_PM_soil_moisture_pm
2021-12-01,sorriso_mt,"Sorriso, MT",-12.5425,-55.7211,360.44,24.734516,29.6,21.14,92.834839,0.084516,NASA_POWER,5.651391,BCB_PTAX,74.170476,EIA,0.3575,AppEEARS:MOD13Q1.061:_250m_16_days_NDVI,0.241706,AppEEARS:SPL3SMP_E.006:Soil_Moisture_Retrieval_Data_PM_soil_moisture_pm
2022-01-01,sorriso_mt,"Sorriso, MT",-12.5425,-55.7211,185.83,24.275484,29.77,20.43,91.029677,0.094839,NASA_POWER,5.534105,BCB_PTAX,86.505238,EIA,0.4095,AppEEARS:MOD13Q1.061:_250m_16_days_NDVI,0.259729,AppEEARS:SPL3SMP_E.006:Soil_Moisture_Retrieval_Data_PM_soil_moisture_pm
2022-02-01,sorriso_mt,"Sorriso, MT",-12.5425,-55.7211,277.28,24.348214,29.76,20.69,90.652143,0.103929,NASA_POWER,5.196579,BCB_PTAX,97.129,EIA,0.34765,AppEEARS:MOD13Q1.061:_250m_16_days_NDVI,0.280226,AppEEARS:SPL3SMP_E.006:Soil_Moisture_Retrieval_Data_PM_soil_moisture_pm
2022-03-01,sorriso_mt,"Sorriso, MT",-12.5425,-55.7211,318.36,24.385161,29.25,19.94,91.213226,0.132258,NASA_POWER,4.968382,BCB_PTAX,117.245217,EIA,0.4305,AppEEARS:MOD13Q1.061:_250m_16_days_NDVI,0.224506,AppEEARS:SPL3SMP_E.006:Soil_Moisture_Retrieval_Data_PM_soil_moisture_pm
2022-04-01,sorriso_mt,"Sorriso, MT",-12.5425,-55.7211,59.94,24.540333,29.25,19.12,89.631667,0.120333,NASA_POWER,4.758016,BCB_PTAX,104.575263,EIA,0.3994,AppEEARS:MOD13Q1.061:_250m_16_days_NDVI,0.168424,AppEEARS:SPL3SMP_E.006:Soil_Moisture_Retrieval_Data_PM_soil_moisture_pm
2022-05-01,sorriso_mt,"Sorriso, MT",-12.5425,-55.7211,7.37,21.761935,29.33,8.74,85.566129,0.117419,NASA_POWER,4.95505,BCB_PTAX,113.337619,EIA,0.35755,AppEEARS:MOD13Q1.061:_250m_16_days_NDVI,0.143892,AppEEARS:SPL3SMP_E.006:Soil_Moisture_Retrieval_Data_PM_soil_moisture_pm
2022-06-01,sorriso_mt,"Sorriso, MT",-12.5425,-55.7211,7.43,23.438667,32.02,15.24,73.625333,0.174333,NASA_POWER,5.04921,BCB_PTAX,122.710952,EIA,0.3178,AppEEARS:MOD13Q1.061:_250m_16_days_NDVI,0.140586,AppEEARS:SPL3SMP_E.006:Soil_Moisture_Retrieval_Data_PM_soil_moisture_pm
2022-07-01,sorriso_mt,"Sorriso, MT",-12.5425,-55.7211,0.15,25.370645,35.84,15.66,52.130968,0.257419,NASA_POWER,5.368071,BCB_PTAX,111.925714,EIA,0.29925,AppEEARS:MOD13Q1.061:_250m_16_days_NDVI,0.118343,AppEEARS:SPL3SMP_E.006:Soil_Moisture_Retrieval_Data_PM_soil_moisture_pm
2022-08-01,sorriso_mt,"Sorriso, MT",-12.5425,-55.7211,3.72,27.356129,37.91,15.65,40.424516,0.13129,NASA_POWER,5.143287,BCB_PTAX,100.446364,EIA,0.3201,AppEEARS:MOD13Q1.061:_250m_16_days_NDVI,0.106108,AppEEARS:SPL3SMP_E.006:Soil_Moisture_Retrieval_Data_PM_soil_moisture_pm
2022-09-01,sorriso_mt,"Sorriso, MT",-12.5425,-55.7211,50.42,29.449667,39.22,19.17,45.044667,0.122,NASA_POWER,5.236957,BCB_PTAX,89.764762,EIA,0.31485,AppEEARS:MOD13Q1.061:_250m_16_days_NDVI,0.223182,AppEEARS:SPL3SMP_E.006:Soil_Moisture_Retrieval_Data_PM_soil_moisture_pm
2022-10-01,sorriso_mt,"Sorriso, MT",-12.5425,-55.7211,203.42,27.203548,38.12,20.66,73.783871,0.074839,NASA_POWER,5.2503,BCB_PTAX,93.331905,EIA,0.3565,AppEEARS:MOD13Q1.061:_250m_16_days_NDVI,0.25362,AppEEARS:SPL3SMP_E.006:Soil_Moisture_Retrieval_Data_PM_soil_moisture_pm
2022-11-01,sorriso_mt,"Sorriso, MT",-12.5425,-55.7211,122.61,25.734333,36.54,15.89,74.769,0.074,NASA_POWER,5.27465,BCB_PTAX,91.415455,EIA,0.37115,AppEEARS:MOD13Q1.061:_250m_16_days_NDVI,0.219644,AppEEARS:SPL3SMP_E.006:Soil_Moisture_Retrieval_Data_PM_soil_moisture_pm
2022-12-01,sorriso_mt,"Sorriso, MT",-12.5425,-55.7211,281.52,24.416452,31.14,20.3,90.212258,0.053548,NASA_POWER,5.242432,BCB_PTAX,80.924,EIA,0.38505,AppEEARS:MOD13Q1.061:_250m_16_days_NDVI,0.243036,AppEEARS:SPL3SMP_E.006:Soil_Moisture_Retrieval_Data_PM_soil_moisture_pm
2023-01-01,sorriso_mt,"Sorriso, MT",-12.5425,-55.7211,283.63,23.915161,28.75,20.02,91.43,0.090645,NASA_POWER,5.200368,BCB_PTAX,82.501429,EIA,0.3747,AppEEARS:MOD13Q1.061:_250m_16_days_NDVI,0.28249,AppEEARS:SPL3SMP_E.006:Soil_Moisture_Retrieval_Data_PM_soil_moisture_pm
2023-02-01,sorriso_mt,"Sorriso, MT",-12.5425,-55.7211,192.64,24.461071,29.24,20.18,90.747143,0.141071,NASA_POWER,5.171689,BCB_PTAX,82.585,EIA,0.35255,AppEEARS:MOD13Q1.061:_250m_16_days_NDVI,0.299145,AppEEARS:SPL3SMP_E.006:Soil_Moisture_Retrieval_Data_PM_soil_moisture_pm
2023-03-01,sorriso_mt,"Sorriso, MT",-12.5425,-55.7211,234.34,24.18129,29.59,19.59,90.950645,0.11871,NASA_POWER,5.211461,BCB_PTAX,78.434348,EIA,0.3692,AppEEARS:MOD13Q1.061:_250m_16_days_NDVI,0.273047,AppEEARS:SPL3SMP_E.006:Soil_Moisture_Retrieval_Data_PM_soil_moisture_pm
2023-04-01,sorriso_mt,"Sorriso, MT",-12.5425,-55.7211,84.92,24.476667,29.35,20.09,90.313,0.116333,NASA_POWER,5.019733,BCB_PTAX,84.638333,EIA,0.3947,AppEEARS:MOD13Q1.061:_250m_16_days_NDVI,0.199645,AppEEARS:SPL3SMP_E.006:Soil_Moisture_Retrieval_Data_PM_soil_moisture_pm
2023-05-01,sorriso_mt,"Sorriso, MT",-12.5425,-55.7211,10.74,23.658065,30.98,17.19,85.968387,0.114194,NASA_POWER,4.982836,BCB_PTAX,75.466,EIA,0.3762,AppEEARS:MOD13Q1.061:_250m_16_days_NDVI,0.161308,AppEEARS:SPL3SMP_E.006:Soil_Moisture_Retrieval_Data_PM_soil_moisture_pm
2023-06-01,sorriso_mt,"Sorriso, MT",-12.5425,-55.7211,14.31,23.650333,32.48,14.45,71.279,0.154333,NASA_POWER,4.851567,BCB_PTAX,74.839091,EIA,0.35575,AppEEARS:MOD13Q1.061:_250m_16_days_NDVI,0.171955,AppEEARS:SPL3SMP_E.006:Soil_Moisture_Retrieval_Data_PM_soil_moisture_pm
2023-07-01,sorriso_mt,"Sorriso, MT",-12.5425,-55.7211,0.0,25.694194,36.62,15.54,51.34871,0.225161,NASA_POWER,4.800833,BCB_PTAX,80.108095,EIA,0.3017,AppEEARS:MOD13Q1.061:_250m_16_days_NDVI,0.151626,AppEEARS:SPL3SMP_E.006:Soil_Moisture_Retrieval_Data_PM_soil_moisture_pm
2023-08-01,sorriso_mt,"Sorriso, MT",-12.5425,-55.7211,17.63,29.297742,39.58,19.75,41.976452,0.180968,NASA_POWER,4.903543,BCB_PTAX,86.147727,EIA,0.31015,AppEEARS:MOD13Q1.061:_250m_16_days_NDVI,0.153788,AppEEARS:SPL3SMP_E.006:Soil_Moisture_Retrieval_Data_PM_soil_moisture_pm
2023-09-01,sorriso_mt,"Sorriso, MT",-12.5425,-55.7211,29.25,31.315,41.52,21.54,43.820667,0.126,NASA_POWER,4.93699,BCB_PTAX,93.722381,EIA,0.3032,AppEEARS:MOD13Q1.061:_250m_16_days_NDVI,0.217377,AppEEARS:SPL3SMP_E.006:Soil_Moisture_Retrieval_Data_PM_soil_moisture_pm
2023-10-01,sorriso_mt,"Sorriso, MT",-12.5425,-55.7211,118.62,30.531613,41.16,22.14,56.777097,0.099677,NASA_POWER,5.064843,BCB_PTAX,90.595909,EIA,0.3295,AppEEARS:MOD13Q1.061:_250m_16_days_NDVI,0.256501,AppEEARS:SPL3SMP_E.006:Soil_Moisture_Retrieval_Data_PM_soil_moisture_pm
2023-11-01,sorriso_mt,"Sorriso, MT",-12.5425,-55.7211,127.53,29.392667,41.56,21.5,62.659333,0.077333,NASA_POWER,4.89834,BCB_PTAX,82.94,EIA,0.31935,AppEEARS:MOD13Q1.061:_250m_16_days_NDVI,0.216,AppEEARS:SPL3SMP_E.006:Soil_Moisture_Retrieval_Data_PM_soil_moisture_pm
2023-12-01,sorriso_mt,"Sorriso, MT",-12.5425,-55.7211,136.42,29.175161,39.2,22.07,64.261613,0.102903,NASA_POWER,4.897245,BCB_PTAX,77.246522,EIA,0.3493,AppEEARS:MOD13Q1.061:_250m_16_days_NDVI,0.200477,AppEEARS:SPL3SMP_E.006:Soil_Moisture_Retrieval_Data_PM_soil_moisture_pm
2024-01-01,sorriso_mt,"Sorriso, MT",-12.5425,-55.7211,303.83,25.453548,31.98,20.92,89.353548,0.079677,NASA_POWER,4.914395,BCB_PTAX,80.124091,EIA,0.3881,AppEEARS:MOD13Q1.061:_250m_16_days_NDVI,0.286205,AppEEARS:SPL3SMP_E.006:Soil_Moisture_Retrieval_Data_PM_soil_moisture_pm
2024-02-01,sorriso_mt,"Sorriso, MT",-12.5425,-55.7211,252.42,25.440345,31.32,21.14,89.532069,0.065517,NASA_POWER,4.964389,BCB_PTAX,83.478095,EIA,0.3837,AppEEARS:MOD13Q1.061:_250m_16_days_NDVI,0.282346,AppEEARS:SPL3SMP_E.006:Soil_Moisture_Retrieval_Data_PM_soil_moisture_pm
2024-03-01,sorriso_mt,"Sorriso, MT",-12.5425,-55.7211,178.18,25.859032,31.29,21.43,91.083226,0.094516,NASA_POWER,4.980135,BCB_PTAX,85.4085,EIA,0.3239,AppEEARS:MOD13Q1.061:_250m_16_days_NDVI,0.217033,AppEEARS:SPL3SMP_E.006:Soil_Moisture_Retrieval_Data_PM_soil_moisture_pm
2024-04-01,sorriso_mt,"Sorriso, MT",-12.5425,-55.7211,176.39,25.591333,29.89,21.66,92.166333,0.090333,NASA_POWER,5.129095,BCB_PTAX,89.938095,EIA,0.40025,AppEEARS:MOD13Q1.061:_250m_16_days_NDVI,0.192424,AppEEARS:SPL3SMP_E.006:Soil_Moisture_Retrieval_Data_PM_soil_moisture_pm
2024-05-01,sorriso_mt,"Sorriso, MT",-12.5425,-55.7211,27.37,23.949032,31.85,15.46,84.34871,0.069677,NASA_POWER,5.133048,BCB_PTAX,81.74619,EIA,0.3643,AppEEARS:MOD13Q1.061:_250m_16_days_NDVI,0.156347,AppEEARS:SPL3SMP_E.006:Soil_Moisture_Retrieval_Data_PM_soil_moisture_pm
2024-06-01,sorriso_mt,"Sorriso, MT",-12.5425,-55.7211,25.89,23.996667,33.97,16.19,72.276,0.089333,NASA_POWER,5.388975,BCB_PTAX,82.246,EIA,0.3106,AppEEARS:MOD13Q1.061:_250m_16_days_NDVI,0.163551,AppEEARS:SPL3SMP_E.006:Soil_Moisture_Retrieval_Data_PM_soil_moisture_pm
2024-07-01,sorriso_mt,"Sorriso, MT",-12.5425,-55.7211,27.05,23.332258,34.3,14.04,65.372258,0.096452,NASA_POWER,5.542048,BCB_PTAX,85.153043,EIA,0.2782,AppEEARS:MOD13Q1.061:_250m_16_days_NDVI,0.157086,AppEEARS:SPL3SMP_E.006:Soil_Moisture_Retrieval_Data_PM_soil_moisture_pm
2024-08-01,sorriso_mt,"Sorriso, MT",-12.5425,-55.7211,2.22,26.360645,38.57,15.66,51.572903,0.05,NASA_POWER,5.552614,BCB_PTAX,80.355238,EIA,0.2804,AppEEARS:MOD13Q1.061:_250m_16_days_NDVI,0.15085,AppEEARS:SPL3SMP_E.006:Soil_Moisture_Retrieval_Data_PM_soil_moisture_pm
2024-09-01,sorriso_mt,"Sorriso, MT",-12.5425,-55.7211,11.27,29.746,40.4,18.9,40.122,0.086667,NASA_POWER,5.541567,BCB_PTAX,74.016667,EIA,0.324,AppEEARS:MOD13Q1.061:_250m_16_days_NDVI,0.152164,AppEEARS:SPL3SMP_E.006:Soil_Moisture_Retrieval_Data_PM_soil_moisture_pm
2024-10-01,sorriso_mt,"Sorriso, MT",-12.5425,-55.7211,130.99,29.860323,41.54,22.3,60.647742,0.08129,NASA_POWER,5.624109,BCB_PTAX,75.632609,EIA,0.3202,AppEEARS:MOD13Q1.061:_250m_16_days_NDVI,0.259354,AppEEARS:SPL3SMP_E.006:Soil_Moisture_Retrieval_Data_PM_soil_moisture_pm
2024-11-01,sorriso_mt,"Sorriso, MT",-12.5425,-55.7211,215.61,25.728,34.66,21.05,85.746667,0.063667,NASA_POWER,5.807058,BCB_PTAX,74.345238,EIA,0.3918,AppEEARS:MOD13Q1.061:_250m_16_days_NDVI,0.266609,AppEEARS:SPL3SMP_E.006:Soil_Moisture_Retrieval_Data_PM_soil_moisture_pm
2024-12-01,sorriso_mt,"Sorriso, MT",-12.5425,-55.7211,118.69,26.345484,34.42,20.76,81.447742,0.062903,NASA_POWER,6.097029,BCB_PTAX,71.686364,EIA,0.46225,AppEEARS:MOD13Q1.061:_250m_16_days_NDVI,0.219257,AppEEARS:SPL3SMP_E.006:Soil_Moisture_Retrieval_Data_PM_soil_moisture_pm
2025-01-01,sorriso_mt,"Sorriso, MT",-12.5425,-55.7211,176.77,24.971613,31.89,20.65,88.397419,0.084839,NASA_POWER,6.021773,BCB_PTAX,79.5545,EIA,0.35415,AppEEARS:MOD13Q1.061:_250m_16_days_NDVI,0.272976,AppEEARS:SPL3SMP_E.006:Soil_Moisture_Retrieval_Data_PM_soil_moisture_pm
2025-02-01,sorriso_mt,"Sorriso, MT",-12.5425,-55.7211,147.46,24.911786,32.83,18.7,86.337143,0.069643,NASA_POWER,5.765645,BCB_PTAX,75.438,EIA,0.3864,AppEEARS:MOD13Q1.061:_250m_16_days_NDVI,0.280497,AppEEARS:SPL3SMP_E.006:Soil_Moisture_Retrieval_Data_PM_soil_moisture_pm
2025-03-01,sorriso_mt,"Sorriso, MT",-12.5425,-55.7211,119.2,25.257742,32.29,20.23,85.70871,0.082903,NASA_POWER,5.746811,BCB_PTAX,72.732857,EIA,0.41425,AppEEARS:MOD13Q1.061:_250m_16_days_NDVI,0.246091,AppEEARS:SPL3SMP_E.006:Soil_Moisture_Retrieval_Data_PM_soil_moisture_pm
2025-04-01,sorriso_mt,"Sorriso, MT",-12.5425,-55.7211,93.74,25.926667,32.83,21.27,83.463667,0.072667,NASA_POWER,5.783675,BCB_PTAX,68.1345,EIA,0.3915,AppEEARS:MOD13Q1.061:_250m_16_days_NDVI,0.210498,AppEEARS:SPL3SMP_E.006:Soil_Moisture_Retrieval_Data_PM_soil_moisture_pm
2025-05-01,sorriso_mt,"Sorriso, MT",-12.5425,-55.7211,9.32,26.489355,35.17,16.81,63.034194,0.034839,NASA_POWER,5.667386,BCB_PTAX,64.453,EIA,0.4076,AppEEARS:MOD13Q1.061:_250m_16_days_NDVI,0.164477,AppEEARS:SPL3SMP_E.006:Soil_Moisture_Retrieval_Data_PM_soil_moisture_pm
2025-06-01,sorriso_mt,"Sorriso, MT",-12.5425,-55.7211,19.11,26.222667,35.44,16.84,57.023667,0.039,NASA_POWER,5.547055,BCB_PTAX,71.444762,EIA,0.391,AppEEARS:MOD13Q1.061:_250m_16_days_NDVI,0.173979,AppEEARS:SPL3SMP_E.006:Soil_Moisture_Retrieval_Data_PM_soil_moisture_pm
2025-07-01,sorriso_mt,"Sorriso, MT",-12.5425,-55.7211,0.0,26.077097,36.75,15.86,42.054839,0.066774,NASA_POWER,5.528491,BCB_PTAX,71.041304,EIA,0.3483,AppEEARS:MOD13Q1.061:_250m_16_days_NDVI,0.17141,AppEEARS:SPL3SMP_E.006:Soil_Moisture_Retrieval_Data_PM_soil_moisture_pm
2025-08-01,sorriso_mt,"Sorriso, MT",-12.5425,-55.7211,0.02,28.937097,39.43,17.28,31.053226,0.070323,NASA_POWER,5.446924,BCB_PTAX,67.87,EIA,0.288,AppEEARS:MOD13Q1.061:_250m_16_days_NDVI,0.144849,AppEEARS:SPL3SMP_E.006:Soil_Moisture_Retrieval_Data_PM_soil_moisture_pm
2025-09-01,sorriso_mt,"Sorriso, MT",-12.5425,-55.7211,44.8,30.797,40.8,20.37,42.210667,0.14,NASA_POWER,5.367409,BCB_PTAX,67.985455,EIA,0.3307,AppEEARS:MOD13Q1.061:_250m_16_days_NDVI,0.20815,AppEEARS:SPL3SMP_E.006:Soil_Moisture_Retrieval_Data_PM_soil_moisture_pm
2025-10-01,sorriso_mt,"Sorriso, MT",-12.5425,-55.7211,45.55,30.381613,41.3,21.01,48.654839,0.104839,NASA_POWER,5.385526,BCB_PTAX,64.543478,EIA,0.3482,AppEEARS:MOD13Q1.061:_250m_16_days_NDVI,0.221353,AppEEARS:SPL3SMP_E.006:Soil_Moisture_Retrieval_Data_PM_soil_moisture_pm
2025-11-01,sorriso_mt,"Sorriso, MT",-12.5425,-55.7211,81.2,29.035333,39.29,22.38,63.856,0.057667,NASA_POWER,5.340853,BCB_PTAX,63.797,EIA,0.39605,AppEEARS:MOD13Q1.061:_250m_16_days_NDVI,0.21583,AppEEARS:SPL3SMP_E.006:Soil_Moisture_Retrieval_Data_PM_soil_moisture_pm
2025-12-01,sorriso_mt,"Sorriso, MT",-12.5425,-55.7211,244.89,25.492258,33.29,20.77,84.770323,0.057742,NASA_POWER,5.453091,BCB_PTAX,62.593333,EIA,0.3634,AppEEARS:MOD13Q1.061:_250m_16_days_NDVI,0.230448,AppEEARS:SPL3SMP_E.006:Soil_Moisture_Retrieval_Data_PM_soil_moisture_pm
2026-01-01,sorriso_mt,"Sorriso, MT",-12.5425,-55.7211,189.31,25.353871,33.57,20.66,84.892258,0.065161,NASA_POWER,5.338024,BCB_PTAX,66.8335,EIA,0.37305,AppEEARS:MOD13Q1.061:_250m_16_days_NDVI,0.266762,AppEEARS:SPL3SMP_E.006:Soil_Moisture_Retrieval_Data_PM_soil_moisture_pm
2026-02-01,sorriso_mt,"Sorriso, MT",-12.5425,-55.7211,254.57,24.454643,29.51,20.19,90.981786,0.098214,NASA_POWER,5.200617,BCB_PTAX,70.887,EIA,0.26925,AppEEARS:MOD13Q1.061:_250m_16_days_NDVI,0.284969,AppEEARS:SPL3SMP_E.006:Soil_Moisture_Retrieval_Data_PM_soil_moisture_pm
2026-03-01,sorriso_mt,"Sorriso, MT",-12.5425,-55.7211,194.83,24.722258,30.3,20.43,90.487742,0.084516,NASA_POWER,5.231586,BCB_PTAX,103.134545,EIA,0.381,AppEEARS:MOD13Q1.061:_250m_16_days_NDVI,0.222396,AppEEARS:SPL3SMP_E.006:Soil_Moisture_Retrieval_Data_PM_soil_moisture_pm
2026-04-01,sorriso_mt,"Sorriso, MT",-12.5425,-55.7211,15.27,24.672857,29.23,21.08,90.5,0.06,NASA_POWER,5.16045,BCB_PTAX,128.46,EIA,0.4171,AppEEARS:MOD13Q1.061:_250m_16_days_NDVI,0.224654,AppEEARS:SPL3SMP_E.006:Soil_Moisture_Retrieval_Data_PM_soil_moisture_pm
