date,soy_price_brl_bag,soy_price_usd_bag,target_source,target_series_name,target_frequency
2006-03-01,27.789333,12.882,CEPEA,CEPEA/ESALQ - Paranaguá,monthly
2006-04-01,27.020556,12.703333,CEPEA,CEPEA/ESALQ - Paranaguá,monthly
2006-05-01,28.682727,13.150909,CEPEA,CEPEA/ESALQ - Paranaguá,monthly
2006-06-01,29.411579,13.104211,CEPEA,CEPEA/ESALQ - Paranaguá,monthly
2006-07-01,29.599524,13.514286,CEPEA,CEPEA/ESALQ - Paranaguá,monthly
2006-08-01,28.912609,13.404348,CEPEA,CEPEA/ESALQ - Paranaguá,monthly
2006-09-01,29.099,13.42,CEPEA,CEPEA/ESALQ - Paranaguá,monthly
2006-10-01,32.12619,14.961905,CEPEA,CEPEA/ESALQ - Paranaguá,monthly
2006-11-01,34.3715,15.9235,CEPEA,CEPEA/ESALQ - Paranaguá,monthly
2006-12-01,33.314211,15.497368,CEPEA,CEPEA/ESALQ - Paranaguá,monthly
2007-01-01,33.676364,15.747273,CEPEA,CEPEA/ESALQ - Paranaguá,monthly
2007-02-01,34.709444,16.549444,CEPEA,CEPEA/ESALQ - Paranaguá,monthly
2007-03-01,34.005909,16.287273,CEPEA,CEPEA/ESALQ - Paranaguá,monthly
2007-04-01,31.956,15.724,CEPEA,CEPEA/ESALQ - Paranaguá,monthly
2007-05-01,32.123636,16.228636,CEPEA,CEPEA/ESALQ - Paranaguá,monthly
2007-06-01,32.943,17.045,CEPEA,CEPEA/ESALQ - Paranaguá,monthly
2007-07-01,33.651818,17.873636,CEPEA,CEPEA/ESALQ - Paranaguá,monthly
2007-08-01,37.106087,18.894348,CEPEA,CEPEA/ESALQ - Paranaguá,monthly
2007-09-01,41.301579,21.772632,CEPEA,CEPEA/ESALQ - Paranaguá,monthly
2007-10-01,42.197273,23.444545,CEPEA,CEPEA/ESALQ - Paranaguá,monthly
2007-11-01,42.96,24.2595,CEPEA,CEPEA/ESALQ - Paranaguá,monthly
2007-12-01,44.029444,24.655556,CEPEA,CEPEA/ESALQ - Paranaguá,monthly
2008-01-01,47.927727,27.02,CEPEA,CEPEA/ESALQ - Paranaguá,monthly
2008-02-01,49.993684,28.958421,CEPEA,CEPEA/ESALQ - Paranaguá,monthly
2008-03-01,48.061,28.155,CEPEA,CEPEA/ESALQ - Paranaguá,monthly
2008-04-01,46.722381,27.700952,CEPEA,CEPEA/ESALQ - Paranaguá,monthly
2008-05-01,46.654,28.119,CEPEA,CEPEA/ESALQ - Paranaguá,monthly
2008-06-01,52.353333,32.358571,CEPEA,CEPEA/ESALQ - Paranaguá,monthly
2008-07-01,52.961739,33.277391,CEPEA,CEPEA/ESALQ - Paranaguá,monthly
2008-08-01,46.838571,29.039048,CEPEA,CEPEA/ESALQ - Paranaguá,monthly
2008-09-01,48.140909,26.798636,CEPEA,CEPEA/ESALQ - Paranaguá,monthly
2008-10-01,46.653478,21.433913,CEPEA,CEPEA/ESALQ - Paranaguá,monthly
2008-11-01,47.3205,20.8315,CEPEA,CEPEA/ESALQ - Paranaguá,monthly
2008-12-01,46.732,19.4745,CEPEA,CEPEA/ESALQ - Paranaguá,monthly
2009-01-01,51.017619,22.08381,CEPEA,CEPEA/ESALQ - Paranaguá,monthly
2009-02-01,49.236111,21.303889,CEPEA,CEPEA/ESALQ - Paranaguá,monthly
2009-03-01,47.665,20.621818,CEPEA,CEPEA/ESALQ - Paranaguá,monthly
2009-04-01,50.1605,22.754,CEPEA,CEPEA/ESALQ - Paranaguá,monthly
2009-05-01,52.781,25.614,CEPEA,CEPEA/ESALQ - Paranaguá,monthly
2009-06-01,52.368095,26.729048,CEPEA,CEPEA/ESALQ - Paranaguá,monthly
2009-07-01,49.935217,25.855217,CEPEA,CEPEA/ESALQ - Paranaguá,monthly
2009-08-01,50.058095,27.117143,CEPEA,CEPEA/ESALQ - Paranaguá,monthly
2009-09-01,46.266667,25.427619,CEPEA,CEPEA/ESALQ - Paranaguá,monthly
2009-10-01,43.962381,25.309048,CEPEA,CEPEA/ESALQ - Paranaguá,monthly
2009-11-01,42.012,24.3145,CEPEA,CEPEA/ESALQ - Paranaguá,monthly
2009-12-01,41.386,23.639,CEPEA,CEPEA/ESALQ - Paranaguá,monthly
2010-01-01,40.2165,22.587,CEPEA,CEPEA/ESALQ - Paranaguá,monthly
2010-02-01,38.241111,20.777778,CEPEA,CEPEA/ESALQ - Paranaguá,monthly
2010-03-01,37.383913,20.92913,CEPEA,CEPEA/ESALQ - Paranaguá,monthly
2010-04-01,37.434,21.302,CEPEA,CEPEA/ESALQ - Paranaguá,monthly
2010-05-01,38.397619,21.145238,CEPEA,CEPEA/ESALQ - Paranaguá,monthly
2010-06-01,38.908095,21.508571,CEPEA,CEPEA/ESALQ - Paranaguá,monthly
2010-07-01,41.365909,23.370455,CEPEA,CEPEA/ESALQ - Paranaguá,monthly
2010-08-01,43.834545,24.909545,CEPEA,CEPEA/ESALQ - Paranaguá,monthly
2010-09-01,44.748095,26.034762,CEPEA,CEPEA/ESALQ - Paranaguá,monthly
2010-10-01,45.7215,27.1435,CEPEA,CEPEA/ESALQ - Paranaguá,monthly
2010-11-01,49.173,28.6935,CEPEA,CEPEA/ESALQ - Paranaguá,monthly
2010-12-01,49.59,29.26,CEPEA,CEPEA/ESALQ - Paranaguá,monthly
2011-01-01,50.779524,30.299048,CEPEA,CEPEA/ESALQ - Paranaguá,monthly
2011-02-01,51.3895,30.803,CEPEA,CEPEA/ESALQ - Paranaguá,monthly
2011-03-01,49.544762,29.858095,CEPEA,CEPEA/ESALQ - Paranaguá,monthly
2011-04-01,47.188421,29.758947,CEPEA,CEPEA/ESALQ - Paranaguá,monthly
2011-05-01,47.83,29.655909,CEPEA,CEPEA/ESALQ - Paranaguá,monthly
2011-06-01,47.879524,30.156667,CEPEA,CEPEA/ESALQ - Paranaguá,monthly
2011-07-01,48.502381,31.025714,CEPEA,CEPEA/ESALQ - Paranaguá,monthly
2011-08-01,49.383478,30.954348,CEPEA,CEPEA/ESALQ - Paranaguá,monthly
2011-09-01,51.936667,29.681905,CEPEA,CEPEA/ESALQ - Paranaguá,monthly
2011-10-01,48.4685,27.405,CEPEA,CEPEA/ESALQ - Paranaguá,monthly
2011-11-01,47.7365,26.672,CEPEA,CEPEA/ESALQ - Paranaguá,monthly
2011-12-01,47.699048,25.942381,CEPEA,CEPEA/ESALQ - Paranaguá,monthly
2012-01-01,49.552273,27.714545,CEPEA,CEPEA/ESALQ - Paranaguá,monthly
2012-02-01,49.324211,28.723684,CEPEA,CEPEA/ESALQ - Paranaguá,monthly
2012-03-01,54.926818,30.609545,CEPEA,CEPEA/ESALQ - Paranaguá,monthly
2012-04-01,60.345,32.5055,CEPEA,CEPEA/ESALQ - Paranaguá,monthly
2012-05-01,63.788636,32.135909,CEPEA,CEPEA/ESALQ - Paranaguá,monthly
2012-06-01,68.05,33.1825,CEPEA,CEPEA/ESALQ - Paranaguá,monthly
2012-07-01,79.355909,39.100455,CEPEA,CEPEA/ESALQ - Paranaguá,monthly
2012-08-01,85.575217,42.197826,CEPEA,CEPEA/ESALQ - Paranaguá,monthly
2012-09-01,86.823158,42.827895,CEPEA,CEPEA/ESALQ - Paranaguá,monthly
2012-10-01,75.73,37.313636,CEPEA,CEPEA/ESALQ - Paranaguá,monthly
2012-11-01,75.73,36.579,CEPEA,CEPEA/ESALQ - Paranaguá,monthly
2012-12-01,75.73,36.413889,CEPEA,CEPEA/ESALQ - Paranaguá,monthly
2013-01-01,71.992727,35.462727,CEPEA,CEPEA/ESALQ - Paranaguá,monthly
2013-02-01,64.007778,32.427778,CEPEA,CEPEA/ESALQ - Paranaguá,monthly
2013-03-01,61.838,31.153,CEPEA,CEPEA/ESALQ - Paranaguá,monthly
2013-04-01,59.449545,29.683636,CEPEA,CEPEA/ESALQ - Paranaguá,monthly
2013-05-01,61.887619,30.348095,CEPEA,CEPEA/ESALQ - Paranaguá,monthly
2013-06-01,68.724,31.607,CEPEA,CEPEA/ESALQ - Paranaguá,monthly
2013-07-01,69.318696,30.778696,CEPEA,CEPEA/ESALQ - Paranaguá,monthly
2013-08-01,69.884091,29.777273,CEPEA,CEPEA/ESALQ - Paranaguá,monthly
2013-09-01,73.469524,32.420476,CEPEA,CEPEA/ESALQ - Paranaguá,monthly
2013-10-01,73.83913,33.696522,CEPEA,CEPEA/ESALQ - Paranaguá,monthly
2013-11-01,76.35,33.2105,CEPEA,CEPEA/ESALQ - Paranaguá,monthly
2013-12-01,77.25,32.903684,CEPEA,CEPEA/ESALQ - Paranaguá,monthly
2014-01-01,72.291818,30.344545,CEPEA,CEPEA/ESALQ - Paranaguá,monthly
2014-02-01,69.713,29.2865,CEPEA,CEPEA/ESALQ - Paranaguá,monthly
2014-03-01,72.269474,31.063158,CEPEA,CEPEA/ESALQ - Paranaguá,monthly
2014-04-01,71.111,31.847,CEPEA,CEPEA/ESALQ - Paranaguá,monthly
2014-05-01,70.742857,31.840476,CEPEA,CEPEA/ESALQ - Paranaguá,monthly
2014-06-01,70.858,31.6945,CEPEA,CEPEA/ESALQ - Paranaguá,monthly
2014-07-01,67.297826,30.253913,CEPEA,CEPEA/ESALQ - Paranaguá,monthly
2014-08-01,67.105714,29.58619,CEPEA,CEPEA/ESALQ - Paranaguá,monthly
2014-09-01,63.063182,27.043636,CEPEA,CEPEA/ESALQ - Paranaguá,monthly
2014-10-01,61.17,24.978261,CEPEA,CEPEA/ESALQ - Paranaguá,monthly
2014-11-01,61.17,23.9705,CEPEA,CEPEA/ESALQ - Paranaguá,monthly
2014-12-01,61.17,23.163,CEPEA,CEPEA/ESALQ - Paranaguá,monthly
2015-01-01,61.143333,23.20381,CEPEA,CEPEA/ESALQ - Paranaguá,monthly
2015-02-01,63.717778,22.617778,CEPEA,CEPEA/ESALQ - Paranaguá,monthly
2015-03-01,67.900455,21.61,CEPEA,CEPEA/ESALQ - Paranaguá,monthly
2015-04-01,69.526,22.861,CEPEA,CEPEA/ESALQ - Paranaguá,monthly
2015-05-01,66.6085,21.7565,CEPEA,CEPEA/ESALQ - Paranaguá,monthly
2015-06-01,67.876667,21.828571,CEPEA,CEPEA/ESALQ - Paranaguá,monthly
2015-07-01,72.892609,22.610435,CEPEA,CEPEA/ESALQ - Paranaguá,monthly
2015-08-01,77.329524,22.01619,CEPEA,CEPEA/ESALQ - Paranaguá,monthly
2015-09-01,81.345238,20.832857,CEPEA,CEPEA/ESALQ - Paranaguá,monthly
2015-10-01,81.977619,21.137619,CEPEA,CEPEA/ESALQ - Paranaguá,monthly
2015-11-01,79.973,21.1735,CEPEA,CEPEA/ESALQ - Paranaguá,monthly
2015-12-01,80.758,20.8805,CEPEA,CEPEA/ESALQ - Paranaguá,monthly
2016-01-01,82.746,20.415,CEPEA,CEPEA/ESALQ - Paranaguá,monthly
2016-02-01,77.829474,19.592105,CEPEA,CEPEA/ESALQ - Paranaguá,monthly
2016-03-01,74.527727,20.169545,CEPEA,CEPEA/ESALQ - Paranaguá,monthly
2016-04-01,78.0425,21.9805,CEPEA,CEPEA/ESALQ - Paranaguá,monthly
2016-05-01,86.425238,24.432857,CEPEA,CEPEA/ESALQ - Paranaguá,monthly
2016-06-01,95.188182,27.857727,CEPEA,CEPEA/ESALQ - Paranaguá,monthly
2016-07-01,87.464286,26.691905,CEPEA,CEPEA/ESALQ - Paranaguá,monthly
2016-08-01,81.692174,25.469565,CEPEA,CEPEA/ESALQ - Paranaguá,monthly
2016-09-01,79.5,24.430952,CEPEA,CEPEA/ESALQ - Paranaguá,monthly
2016-10-01,76.7035,24.0995,CEPEA,CEPEA/ESALQ - Paranaguá,monthly
2016-11-01,78.2725,23.4445,CEPEA,CEPEA/ESALQ - Paranaguá,monthly
2016-12-01,78.429048,23.392857,CEPEA,CEPEA/ESALQ - Paranaguá,monthly
2017-01-01,76.033636,23.802727,CEPEA,CEPEA/ESALQ - Paranaguá,monthly
2017-02-01,73.861667,23.811667,CEPEA,CEPEA/ESALQ - Paranaguá,monthly
2017-03-01,70.006087,22.396087,CEPEA,CEPEA/ESALQ - Paranaguá,monthly
2017-04-01,65.82,20.962778,CEPEA,CEPEA/ESALQ - Paranaguá,monthly
2017-05-01,68.936818,21.484091,CEPEA,CEPEA/ESALQ - Paranaguá,monthly
2017-06-01,68.950952,20.917619,CEPEA,CEPEA/ESALQ - Paranaguá,monthly
2017-07-01,72.240952,22.578571,CEPEA,CEPEA/ESALQ - Paranaguá,monthly
2017-08-01,69.826522,22.165217,CEPEA,CEPEA/ESALQ - Paranaguá,monthly
2017-09-01,70.411,22.454,CEPEA,CEPEA/ESALQ - Paranaguá,monthly
2017-10-01,71.469524,22.370952,CEPEA,CEPEA/ESALQ - Paranaguá,monthly
2017-11-01,73.8745,22.6675,CEPEA,CEPEA/ESALQ - Paranaguá,monthly
2017-12-01,74.237368,22.532105,CEPEA,CEPEA/ESALQ - Paranaguá,monthly
2018-01-01,71.830455,22.382727,CEPEA,CEPEA/ESALQ - Paranaguá,monthly
2018-02-01,74.718889,23.044444,CEPEA,CEPEA/ESALQ - Paranaguá,monthly
2018-03-01,79.394762,24.230476,CEPEA,CEPEA/ESALQ - Paranaguá,monthly
2018-04-01,85.531905,25.09619,CEPEA,CEPEA/ESALQ - Paranaguá,monthly
2018-05-01,86.122857,23.687619,CEPEA,CEPEA/ESALQ - Paranaguá,monthly
2018-06-01,84.827619,22.430476,CEPEA,CEPEA/ESALQ - Paranaguá,monthly
2018-07-01,88.293636,23.079091,CEPEA,CEPEA/ESALQ - Paranaguá,monthly
2018-08-01,89.910435,22.880435,CEPEA,CEPEA/ESALQ - Paranaguá,monthly
2018-09-01,95.482632,23.255263,CEPEA,CEPEA/ESALQ - Paranaguá,monthly
2018-10-01,90.534545,24.069545,CEPEA,CEPEA/ESALQ - Paranaguá,monthly
2018-11-01,84.1565,22.23,CEPEA,CEPEA/ESALQ - Paranaguá,monthly
2018-12-01,81.102222,20.885556,CEPEA,CEPEA/ESALQ - Paranaguá,monthly
2019-01-01,76.891364,20.576364,CEPEA,CEPEA/ESALQ - Paranaguá,monthly
2019-02-01,77.733,20.89,CEPEA,CEPEA/ESALQ - Paranaguá,monthly
2019-03-01,78.274211,20.369474,CEPEA,CEPEA/ESALQ - Paranaguá,monthly
2019-04-01,76.562857,19.66,CEPEA,CEPEA/ESALQ - Paranaguá,monthly
2019-05-01,78.360909,19.607727,CEPEA,CEPEA/ESALQ - Paranaguá,monthly
2019-06-01,81.898421,21.211579,CEPEA,CEPEA/ESALQ - Paranaguá,monthly
2019-07-01,78.817391,20.855652,CEPEA,CEPEA/ESALQ - Paranaguá,monthly
2019-08-01,85.083636,21.141364,CEPEA,CEPEA/ESALQ - Paranaguá,monthly
2019-09-01,86.5,20.976667,CEPEA,CEPEA/ESALQ - Paranaguá,monthly
2019-10-01,88.25087,21.612609,CEPEA,CEPEA/ESALQ - Paranaguá,monthly
2019-11-01,89.8745,21.618,CEPEA,CEPEA/ESALQ - Paranaguá,monthly
2019-12-01,88.151579,21.445263,CEPEA,CEPEA/ESALQ - Paranaguá,monthly
2020-01-01,87.391364,21.067727,CEPEA,CEPEA/ESALQ - Paranaguá,monthly
2020-02-01,87.609444,20.161667,CEPEA,CEPEA/ESALQ - Paranaguá,monthly
2020-03-01,94.969091,19.414091,CEPEA,CEPEA/ESALQ - Paranaguá,monthly
2020-04-01,102.2975,19.1975,CEPEA,CEPEA/ESALQ - Paranaguá,monthly
2020-05-01,110.408,19.584,CEPEA,CEPEA/ESALQ - Paranaguá,monthly
2020-06-01,109.762857,21.109524,CEPEA,CEPEA/ESALQ - Paranaguá,monthly
2020-07-01,116.054348,21.988696,CEPEA,CEPEA/ESALQ - Paranaguá,monthly
2020-08-01,128.591905,23.546667,CEPEA,CEPEA/ESALQ - Paranaguá,monthly
2020-09-01,141.199048,26.131905,CEPEA,CEPEA/ESALQ - Paranaguá,monthly
2020-10-01,159.635238,28.357619,CEPEA,CEPEA/ESALQ - Paranaguá,monthly
2020-11-01,164.9925,30.4375,CEPEA,CEPEA/ESALQ - Paranaguá,monthly
2020-12-01,152.5625,29.6805,CEPEA,CEPEA/ESALQ - Paranaguá,monthly
2021-01-01,167.865,31.334,CEPEA,CEPEA/ESALQ - Paranaguá,monthly
2021-02-01,166.383333,30.69,CEPEA,CEPEA/ESALQ - Paranaguá,monthly
2021-03-01,171.866522,30.463478,CEPEA,CEPEA/ESALQ - Paranaguá,monthly
2021-04-01,177.098,31.835,CEPEA,CEPEA/ESALQ - Paranaguá,monthly
2021-05-01,176.39381,33.327619,CEPEA,CEPEA/ESALQ - Paranaguá,monthly
2021-06-01,162.075714,32.245714,CEPEA,CEPEA/ESALQ - Paranaguá,monthly
2021-07-01,167.596818,32.465455,CEPEA,CEPEA/ESALQ - Paranaguá,monthly
2021-08-01,171.057727,32.583182,CEPEA,CEPEA/ESALQ - Paranaguá,monthly
2021-09-01,172.734286,32.635238,CEPEA,CEPEA/ESALQ - Paranaguá,monthly
2021-10-01,171.167,30.9255,CEPEA,CEPEA/ESALQ - Paranaguá,monthly
2021-11-01,165.7935,29.8225,CEPEA,CEPEA/ESALQ - Paranaguá,monthly
2021-12-01,170.251905,30.089524,CEPEA,CEPEA/ESALQ - Paranaguá,monthly
2022-01-01,179.665238,32.529524,CEPEA,CEPEA/ESALQ - Paranaguá,monthly
2022-02-01,195.02,37.582105,CEPEA,CEPEA/ESALQ - Paranaguá,monthly
2022-03-01,199.602273,40.199091,CEPEA,CEPEA/ESALQ - Paranaguá,monthly
2022-04-01,186.362105,39.201053,CEPEA,CEPEA/ESALQ - Paranaguá,monthly
2022-05-01,193.380909,39.105455,CEPEA,CEPEA/ESALQ - Paranaguá,monthly
2022-06-01,194.969524,38.609048,CEPEA,CEPEA/ESALQ - Paranaguá,monthly
2022-07-01,190.744286,35.55,CEPEA,CEPEA/ESALQ - Paranaguá,monthly
2022-08-01,187.179565,36.375652,CEPEA,CEPEA/ESALQ - Paranaguá,monthly
2022-09-01,187.26381,35.803333,CEPEA,CEPEA/ESALQ - Paranaguá,monthly
2022-10-01,183.728,35.0015,CEPEA,CEPEA/ESALQ - Paranaguá,monthly
2022-11-01,186.1275,35.2465,CEPEA,CEPEA/ESALQ - Paranaguá,monthly
2022-12-01,182.053333,34.664286,CEPEA,CEPEA/ESALQ - Paranaguá,monthly
2023-01-01,177.031818,34.080455,CEPEA,CEPEA/ESALQ - Paranaguá,monthly
2023-02-01,172.606111,33.33,CEPEA,CEPEA/ESALQ - Paranaguá,monthly
2023-03-01,162.124783,31.149565,CEPEA,CEPEA/ESALQ - Paranaguá,monthly
2023-04-01,145.236667,28.947222,CEPEA,CEPEA/ESALQ - Paranaguá,monthly
2023-05-01,138.109091,27.728182,CEPEA,CEPEA/ESALQ - Paranaguá,monthly
2023-06-01,136.452381,28.17381,CEPEA,CEPEA/ESALQ - Paranaguá,monthly
2023-07-01,146.840476,30.595714,CEPEA,CEPEA/ESALQ - Paranaguá,monthly
2023-08-01,148.548696,30.293043,CEPEA,CEPEA/ESALQ - Paranaguá,monthly
2023-09-01,147.1915,29.7655,CEPEA,CEPEA/ESALQ - Paranaguá,monthly
2023-10-01,144.094286,28.451429,CEPEA,CEPEA/ESALQ - Paranaguá,monthly
2023-11-01,144.0445,29.4085,CEPEA,CEPEA/ESALQ - Paranaguá,monthly
2023-12-01,145.970526,29.791579,CEPEA,CEPEA/ESALQ - Paranaguá,monthly
2024-01-01,126.932727,25.829545,CEPEA,CEPEA/ESALQ - Paranaguá,monthly
2024-02-01,117.635263,23.71,CEPEA,CEPEA/ESALQ - Paranaguá,monthly
2024-03-01,121.9065,24.4855,CEPEA,CEPEA/ESALQ - Paranaguá,monthly
2024-04-01,126.793636,24.738182,CEPEA,CEPEA/ESALQ - Paranaguá,monthly
2024-05-01,136.004286,26.474762,CEPEA,CEPEA/ESALQ - Paranaguá,monthly
2024-06-01,138.9195,25.759,CEPEA,CEPEA/ESALQ - Paranaguá,monthly
2024-07-01,138.091304,24.89913,CEPEA,CEPEA/ESALQ - Paranaguá,monthly
2024-08-01,133.213636,23.987273,CEPEA,CEPEA/ESALQ - Paranaguá,monthly
2024-09-01,139.90381,25.25619,CEPEA,CEPEA/ESALQ - Paranaguá,monthly
2024-10-01,141.832609,25.215652,CEPEA,CEPEA/ESALQ - Paranaguá,monthly
2024-11-01,143.407368,24.707895,CEPEA,CEPEA/ESALQ - Paranaguá,monthly
2024-12-01,141.169474,23.166316,CEPEA,CEPEA/ESALQ - Paranaguá,monthly
2025-01-01,134.621818,22.379091,CEPEA,CEPEA/ESALQ - Paranaguá,monthly
2025-02-01,131.568,22.8195,CEPEA,CEPEA/ESALQ - Paranaguá,monthly
2025-03-01,133.49,23.246842,CEPEA,CEPEA/ESALQ - Paranaguá,monthly
2025-04-01,134.68,23.318,CEPEA,CEPEA/ESALQ - Paranaguá,monthly
2025-05-01,133.09619,23.472381,CEPEA,CEPEA/ESALQ - Paranaguá,monthly
2025-06-01,134.396,24.24,CEPEA,CEPEA/ESALQ - Paranaguá,monthly
2025-07-01,136.891304,24.761739,CEPEA,CEPEA/ESALQ - Paranaguá,monthly
2025-08-01,140.500476,25.800476,CEPEA,CEPEA/ESALQ - Paranaguá,monthly
2025-09-01,138.774091,25.853636,CEPEA,CEPEA/ESALQ - Paranaguá,monthly
2025-10-01,137.863043,25.592609,CEPEA,CEPEA/ESALQ - Paranaguá,monthly
2025-11-01,140.472632,26.312632,CEPEA,CEPEA/ESALQ - Paranaguá,monthly
2025-12-01,142.0135,26.0355,CEPEA,CEPEA/ESALQ - Paranaguá,monthly
2026-01-01,130.982857,24.553333,CEPEA,CEPEA/ESALQ - Paranaguá,monthly
2026-02-01,126.329444,24.292222,CEPEA,CEPEA/ESALQ - Paranaguá,monthly
2026-03-01,129.375455,24.733182,CEPEA,CEPEA/ESALQ - Paranaguá,monthly
2026-04-01,128.3825,24.8925,CEPEA,CEPEA/ESALQ - Paranaguá,monthly
