date,location_id,location_name,latitude,longitude,ndvi,ndvi_source
2006-04-07,sorriso_mt,"Sorriso, MT",-12.5425,-55.7211,0.5404,AppEEARS:MOD13Q1.061:_250m_16_days_NDVI
2006-04-23,sorriso_mt,"Sorriso, MT",-12.5425,-55.7211,0.4118,AppEEARS:MOD13Q1.061:_250m_16_days_NDVI
2006-05-09,sorriso_mt,"Sorriso, MT",-12.5425,-55.7211,0.4567,AppEEARS:MOD13Q1.061:_250m_16_days_NDVI
2006-05-25,sorriso_mt,"Sorriso, MT",-12.5425,-55.7211,0.4322,AppEEARS:MOD13Q1.061:_250m_16_days_NDVI
2006-06-10,sorriso_mt,"Sorriso, MT",-12.5425,-55.7211,0.4136,AppEEARS:MOD13Q1.061:_250m_16_days_NDVI
2006-06-26,sorriso_mt,"Sorriso, MT",-12.5425,-55.7211,0.3997,AppEEARS:MOD13Q1.061:_250m_16_days_NDVI
2006-07-12,sorriso_mt,"Sorriso, MT",-12.5425,-55.7211,0.3906,AppEEARS:MOD13Q1.061:_250m_16_days_NDVI
2006-07-28,sorriso_mt,"Sorriso, MT",-12.5425,-55.7211,0.3908,AppEEARS:MOD13Q1.061:_250m_16_days_NDVI
2006-08-13,sorriso_mt,"Sorriso, MT",-12.5425,-55.7211,0.3644,AppEEARS:MOD13Q1.061:_250m_16_days_NDVI
2006-08-29,sorriso_mt,"Sorriso, MT",-12.5425,-55.7211,0.4112,AppEEARS:MOD13Q1.061:_250m_16_days_NDVI
2006-09-14,sorriso_mt,"Sorriso, MT",-12.5425,-55.7211,0.4327,AppEEARS:MOD13Q1.061:_250m_16_days_NDVI
2006-09-30,sorriso_mt,"Sorriso, MT",-12.5425,-55.7211,0.4256,AppEEARS:MOD13Q1.061:_250m_16_days_NDVI
2006-10-16,sorriso_mt,"Sorriso, MT",-12.5425,-55.7211,0.4454,AppEEARS:MOD13Q1.061:_250m_16_days_NDVI
2006-11-01,sorriso_mt,"Sorriso, MT",-12.5425,-55.7211,0.4623,AppEEARS:MOD13Q1.061:_250m_16_days_NDVI
2006-11-17,sorriso_mt,"Sorriso, MT",-12.5425,-55.7211,0.446,AppEEARS:MOD13Q1.061:_250m_16_days_NDVI
2006-12-03,sorriso_mt,"Sorriso, MT",-12.5425,-55.7211,0.1928,AppEEARS:MOD13Q1.061:_250m_16_days_NDVI
2006-12-19,sorriso_mt,"Sorriso, MT",-12.5425,-55.7211,0.4825,AppEEARS:MOD13Q1.061:_250m_16_days_NDVI
2007-01-01,sorriso_mt,"Sorriso, MT",-12.5425,-55.7211,0.4655,AppEEARS:MOD13Q1.061:_250m_16_days_NDVI
2007-01-17,sorriso_mt,"Sorriso, MT",-12.5425,-55.7211,0.5023,AppEEARS:MOD13Q1.061:_250m_16_days_NDVI
2007-02-02,sorriso_mt,"Sorriso, MT",-12.5425,-55.7211,0.393,AppEEARS:MOD13Q1.061:_250m_16_days_NDVI
2007-02-18,sorriso_mt,"Sorriso, MT",-12.5425,-55.7211,0.4718,AppEEARS:MOD13Q1.061:_250m_16_days_NDVI
2007-03-06,sorriso_mt,"Sorriso, MT",-12.5425,-55.7211,0.4957,AppEEARS:MOD13Q1.061:_250m_16_days_NDVI
2007-03-22,sorriso_mt,"Sorriso, MT",-12.5425,-55.7211,0.4947,AppEEARS:MOD13Q1.061:_250m_16_days_NDVI
2007-04-07,sorriso_mt,"Sorriso, MT",-12.5425,-55.7211,0.5021,AppEEARS:MOD13Q1.061:_250m_16_days_NDVI
2007-04-23,sorriso_mt,"Sorriso, MT",-12.5425,-55.7211,0.4876,AppEEARS:MOD13Q1.061:_250m_16_days_NDVI
2007-05-09,sorriso_mt,"Sorriso, MT",-12.5425,-55.7211,0.4682,AppEEARS:MOD13Q1.061:_250m_16_days_NDVI
2007-05-25,sorriso_mt,"Sorriso, MT",-12.5425,-55.7211,0.472,AppEEARS:MOD13Q1.061:_250m_16_days_NDVI
2007-06-10,sorriso_mt,"Sorriso, MT",-12.5425,-55.7211,0.436,AppEEARS:MOD13Q1.061:_250m_16_days_NDVI
2007-06-26,sorriso_mt,"Sorriso, MT",-12.5425,-55.7211,0.4185,AppEEARS:MOD13Q1.061:_250m_16_days_NDVI
2007-07-12,sorriso_mt,"Sorriso, MT",-12.5425,-55.7211,0.4064,AppEEARS:MOD13Q1.061:_250m_16_days_NDVI
2007-07-28,sorriso_mt,"Sorriso, MT",-12.5425,-55.7211,0.403,AppEEARS:MOD13Q1.061:_250m_16_days_NDVI
2007-08-13,sorriso_mt,"Sorriso, MT",-12.5425,-55.7211,0.3792,AppEEARS:MOD13Q1.061:_250m_16_days_NDVI
2007-08-29,sorriso_mt,"Sorriso, MT",-12.5425,-55.7211,0.3814,AppEEARS:MOD13Q1.061:_250m_16_days_NDVI
2007-09-14,sorriso_mt,"Sorriso, MT",-12.5425,-55.7211,0.3646,AppEEARS:MOD13Q1.061:_250m_16_days_NDVI
2007-09-30,sorriso_mt,"Sorriso, MT",-12.5425,-55.7211,0.4322,AppEEARS:MOD13Q1.061:_250m_16_days_NDVI
2007-10-16,sorriso_mt,"Sorriso, MT",-12.5425,-55.7211,0.4182,AppEEARS:MOD13Q1.061:_250m_16_days_NDVI
2007-11-01,sorriso_mt,"Sorriso, MT",-12.5425,-55.7211,0.4237,AppEEARS:MOD13Q1.061:_250m_16_days_NDVI
2007-11-17,sorriso_mt,"Sorriso, MT",-12.5425,-55.7211,0.455,AppEEARS:MOD13Q1.061:_250m_16_days_NDVI
2007-12-03,sorriso_mt,"Sorriso, MT",-12.5425,-55.7211,0.4404,AppEEARS:MOD13Q1.061:_250m_16_days_NDVI
2007-12-19,sorriso_mt,"Sorriso, MT",-12.5425,-55.7211,0.4332,AppEEARS:MOD13Q1.061:_250m_16_days_NDVI
2008-01-01,sorriso_mt,"Sorriso, MT",-12.5425,-55.7211,0.5046,AppEEARS:MOD13Q1.061:_250m_16_days_NDVI
2008-01-17,sorriso_mt,"Sorriso, MT",-12.5425,-55.7211,0.4153,AppEEARS:MOD13Q1.061:_250m_16_days_NDVI
2008-02-02,sorriso_mt,"Sorriso, MT",-12.5425,-55.7211,0.4833,AppEEARS:MOD13Q1.061:_250m_16_days_NDVI
2008-02-18,sorriso_mt,"Sorriso, MT",-12.5425,-55.7211,0.5078,AppEEARS:MOD13Q1.061:_250m_16_days_NDVI
2008-03-05,sorriso_mt,"Sorriso, MT",-12.5425,-55.7211,0.52,AppEEARS:MOD13Q1.061:_250m_16_days_NDVI
2008-03-21,sorriso_mt,"Sorriso, MT",-12.5425,-55.7211,0.4528,AppEEARS:MOD13Q1.061:_250m_16_days_NDVI
2008-04-06,sorriso_mt,"Sorriso, MT",-12.5425,-55.7211,0.487,AppEEARS:MOD13Q1.061:_250m_16_days_NDVI
2008-04-22,sorriso_mt,"Sorriso, MT",-12.5425,-55.7211,0.4856,AppEEARS:MOD13Q1.061:_250m_16_days_NDVI
2008-05-08,sorriso_mt,"Sorriso, MT",-12.5425,-55.7211,0.4718,AppEEARS:MOD13Q1.061:_250m_16_days_NDVI
2008-05-24,sorriso_mt,"Sorriso, MT",-12.5425,-55.7211,0.4356,AppEEARS:MOD13Q1.061:_250m_16_days_NDVI
2008-06-09,sorriso_mt,"Sorriso, MT",-12.5425,-55.7211,0.4275,AppEEARS:MOD13Q1.061:_250m_16_days_NDVI
2008-06-25,sorriso_mt,"Sorriso, MT",-12.5425,-55.7211,0.4138,AppEEARS:MOD13Q1.061:_250m_16_days_NDVI
2008-07-11,sorriso_mt,"Sorriso, MT",-12.5425,-55.7211,0.3708,AppEEARS:MOD13Q1.061:_250m_16_days_NDVI
2008-07-27,sorriso_mt,"Sorriso, MT",-12.5425,-55.7211,0.353,AppEEARS:MOD13Q1.061:_250m_16_days_NDVI
2008-08-12,sorriso_mt,"Sorriso, MT",-12.5425,-55.7211,0.3534,AppEEARS:MOD13Q1.061:_250m_16_days_NDVI
2008-08-28,sorriso_mt,"Sorriso, MT",-12.5425,-55.7211,0.3687,AppEEARS:MOD13Q1.061:_250m_16_days_NDVI
2008-09-13,sorriso_mt,"Sorriso, MT",-12.5425,-55.7211,0.3921,AppEEARS:MOD13Q1.061:_250m_16_days_NDVI
2008-09-29,sorriso_mt,"Sorriso, MT",-12.5425,-55.7211,0.4108,AppEEARS:MOD13Q1.061:_250m_16_days_NDVI
2008-10-15,sorriso_mt,"Sorriso, MT",-12.5425,-55.7211,0.4029,AppEEARS:MOD13Q1.061:_250m_16_days_NDVI
2008-10-31,sorriso_mt,"Sorriso, MT",-12.5425,-55.7211,0.426,AppEEARS:MOD13Q1.061:_250m_16_days_NDVI
2008-11-16,sorriso_mt,"Sorriso, MT",-12.5425,-55.7211,0.4408,AppEEARS:MOD13Q1.061:_250m_16_days_NDVI
2008-12-02,sorriso_mt,"Sorriso, MT",-12.5425,-55.7211,0.4418,AppEEARS:MOD13Q1.061:_250m_16_days_NDVI
2008-12-18,sorriso_mt,"Sorriso, MT",-12.5425,-55.7211,0.5006,AppEEARS:MOD13Q1.061:_250m_16_days_NDVI
2009-01-01,sorriso_mt,"Sorriso, MT",-12.5425,-55.7211,0.4778,AppEEARS:MOD13Q1.061:_250m_16_days_NDVI
2009-01-17,sorriso_mt,"Sorriso, MT",-12.5425,-55.7211,0.4278,AppEEARS:MOD13Q1.061:_250m_16_days_NDVI
2009-02-02,sorriso_mt,"Sorriso, MT",-12.5425,-55.7211,0.455,AppEEARS:MOD13Q1.061:_250m_16_days_NDVI
2009-02-18,sorriso_mt,"Sorriso, MT",-12.5425,-55.7211,0.4666,AppEEARS:MOD13Q1.061:_250m_16_days_NDVI
2009-03-06,sorriso_mt,"Sorriso, MT",-12.5425,-55.7211,0.1789,AppEEARS:MOD13Q1.061:_250m_16_days_NDVI
2009-03-22,sorriso_mt,"Sorriso, MT",-12.5425,-55.7211,0.4278,AppEEARS:MOD13Q1.061:_250m_16_days_NDVI
2009-04-07,sorriso_mt,"Sorriso, MT",-12.5425,-55.7211,0.4758,AppEEARS:MOD13Q1.061:_250m_16_days_NDVI
2009-04-23,sorriso_mt,"Sorriso, MT",-12.5425,-55.7211,0.4816,AppEEARS:MOD13Q1.061:_250m_16_days_NDVI
2009-05-09,sorriso_mt,"Sorriso, MT",-12.5425,-55.7211,0.4772,AppEEARS:MOD13Q1.061:_250m_16_days_NDVI
2009-05-25,sorriso_mt,"Sorriso, MT",-12.5425,-55.7211,0.456,AppEEARS:MOD13Q1.061:_250m_16_days_NDVI
2009-06-10,sorriso_mt,"Sorriso, MT",-12.5425,-55.7211,0.4525,AppEEARS:MOD13Q1.061:_250m_16_days_NDVI
2009-06-26,sorriso_mt,"Sorriso, MT",-12.5425,-55.7211,0.4281,AppEEARS:MOD13Q1.061:_250m_16_days_NDVI
2009-07-12,sorriso_mt,"Sorriso, MT",-12.5425,-55.7211,0.3922,AppEEARS:MOD13Q1.061:_250m_16_days_NDVI
2009-07-28,sorriso_mt,"Sorriso, MT",-12.5425,-55.7211,0.3834,AppEEARS:MOD13Q1.061:_250m_16_days_NDVI
2009-08-13,sorriso_mt,"Sorriso, MT",-12.5425,-55.7211,0.3607,AppEEARS:MOD13Q1.061:_250m_16_days_NDVI
2009-08-29,sorriso_mt,"Sorriso, MT",-12.5425,-55.7211,0.3716,AppEEARS:MOD13Q1.061:_250m_16_days_NDVI
2009-09-14,sorriso_mt,"Sorriso, MT",-12.5425,-55.7211,0.4328,AppEEARS:MOD13Q1.061:_250m_16_days_NDVI
2009-09-30,sorriso_mt,"Sorriso, MT",-12.5425,-55.7211,0.4093,AppEEARS:MOD13Q1.061:_250m_16_days_NDVI
2009-10-16,sorriso_mt,"Sorriso, MT",-12.5425,-55.7211,0.4461,AppEEARS:MOD13Q1.061:_250m_16_days_NDVI
2009-11-01,sorriso_mt,"Sorriso, MT",-12.5425,-55.7211,0.4667,AppEEARS:MOD13Q1.061:_250m_16_days_NDVI
2009-11-17,sorriso_mt,"Sorriso, MT",-12.5425,-55.7211,0.5905,AppEEARS:MOD13Q1.061:_250m_16_days_NDVI
2009-12-03,sorriso_mt,"Sorriso, MT",-12.5425,-55.7211,0.1975,AppEEARS:MOD13Q1.061:_250m_16_days_NDVI
2009-12-19,sorriso_mt,"Sorriso, MT",-12.5425,-55.7211,0.4034,AppEEARS:MOD13Q1.061:_250m_16_days_NDVI
2010-01-01,sorriso_mt,"Sorriso, MT",-12.5425,-55.7211,0.2473,AppEEARS:MOD13Q1.061:_250m_16_days_NDVI
2010-01-17,sorriso_mt,"Sorriso, MT",-12.5425,-55.7211,0.4716,AppEEARS:MOD13Q1.061:_250m_16_days_NDVI
2010-02-02,sorriso_mt,"Sorriso, MT",-12.5425,-55.7211,0.4693,AppEEARS:MOD13Q1.061:_250m_16_days_NDVI
2010-02-18,sorriso_mt,"Sorriso, MT",-12.5425,-55.7211,0.4319,AppEEARS:MOD13Q1.061:_250m_16_days_NDVI
2010-03-06,sorriso_mt,"Sorriso, MT",-12.5425,-55.7211,0.4704,AppEEARS:MOD13Q1.061:_250m_16_days_NDVI
2010-03-22,sorriso_mt,"Sorriso, MT",-12.5425,-55.7211,0.4488,AppEEARS:MOD13Q1.061:_250m_16_days_NDVI
2010-04-07,sorriso_mt,"Sorriso, MT",-12.5425,-55.7211,0.4579,AppEEARS:MOD13Q1.061:_250m_16_days_NDVI
2010-04-23,sorriso_mt,"Sorriso, MT",-12.5425,-55.7211,0.4518,AppEEARS:MOD13Q1.061:_250m_16_days_NDVI
2010-05-09,sorriso_mt,"Sorriso, MT",-12.5425,-55.7211,0.4347,AppEEARS:MOD13Q1.061:_250m_16_days_NDVI
2010-05-25,sorriso_mt,"Sorriso, MT",-12.5425,-55.7211,0.4052,AppEEARS:MOD13Q1.061:_250m_16_days_NDVI
2010-06-10,sorriso_mt,"Sorriso, MT",-12.5425,-55.7211,0.3941,AppEEARS:MOD13Q1.061:_250m_16_days_NDVI
2010-06-26,sorriso_mt,"Sorriso, MT",-12.5425,-55.7211,0.3698,AppEEARS:MOD13Q1.061:_250m_16_days_NDVI
2010-07-12,sorriso_mt,"Sorriso, MT",-12.5425,-55.7211,0.352,AppEEARS:MOD13Q1.061:_250m_16_days_NDVI
2010-07-28,sorriso_mt,"Sorriso, MT",-12.5425,-55.7211,0.33,AppEEARS:MOD13Q1.061:_250m_16_days_NDVI
2010-08-13,sorriso_mt,"Sorriso, MT",-12.5425,-55.7211,0.3355,AppEEARS:MOD13Q1.061:_250m_16_days_NDVI
2010-08-29,sorriso_mt,"Sorriso, MT",-12.5425,-55.7211,0.3338,AppEEARS:MOD13Q1.061:_250m_16_days_NDVI
2010-09-14,sorriso_mt,"Sorriso, MT",-12.5425,-55.7211,0.3138,AppEEARS:MOD13Q1.061:_250m_16_days_NDVI
2010-09-30,sorriso_mt,"Sorriso, MT",-12.5425,-55.7211,0.365,AppEEARS:MOD13Q1.061:_250m_16_days_NDVI
2010-10-16,sorriso_mt,"Sorriso, MT",-12.5425,-55.7211,0.306,AppEEARS:MOD13Q1.061:_250m_16_days_NDVI
2010-11-01,sorriso_mt,"Sorriso, MT",-12.5425,-55.7211,0.4074,AppEEARS:MOD13Q1.061:_250m_16_days_NDVI
2010-11-17,sorriso_mt,"Sorriso, MT",-12.5425,-55.7211,0.4114,AppEEARS:MOD13Q1.061:_250m_16_days_NDVI
2010-12-03,sorriso_mt,"Sorriso, MT",-12.5425,-55.7211,0.3289,AppEEARS:MOD13Q1.061:_250m_16_days_NDVI
2010-12-19,sorriso_mt,"Sorriso, MT",-12.5425,-55.7211,0.4129,AppEEARS:MOD13Q1.061:_250m_16_days_NDVI
2011-01-01,sorriso_mt,"Sorriso, MT",-12.5425,-55.7211,0.4149,AppEEARS:MOD13Q1.061:_250m_16_days_NDVI
2011-01-17,sorriso_mt,"Sorriso, MT",-12.5425,-55.7211,0.3668,AppEEARS:MOD13Q1.061:_250m_16_days_NDVI
2011-02-02,sorriso_mt,"Sorriso, MT",-12.5425,-55.7211,0.3014,AppEEARS:MOD13Q1.061:_250m_16_days_NDVI
2011-02-18,sorriso_mt,"Sorriso, MT",-12.5425,-55.7211,0.3283,AppEEARS:MOD13Q1.061:_250m_16_days_NDVI
2011-03-06,sorriso_mt,"Sorriso, MT",-12.5425,-55.7211,0.4461,AppEEARS:MOD13Q1.061:_250m_16_days_NDVI
2011-03-22,sorriso_mt,"Sorriso, MT",-12.5425,-55.7211,0.4405,AppEEARS:MOD13Q1.061:_250m_16_days_NDVI
2011-04-07,sorriso_mt,"Sorriso, MT",-12.5425,-55.7211,0.467,AppEEARS:MOD13Q1.061:_250m_16_days_NDVI
2011-04-23,sorriso_mt,"Sorriso, MT",-12.5425,-55.7211,0.4697,AppEEARS:MOD13Q1.061:_250m_16_days_NDVI
2011-05-09,sorriso_mt,"Sorriso, MT",-12.5425,-55.7211,0.4258,AppEEARS:MOD13Q1.061:_250m_16_days_NDVI
2011-05-25,sorriso_mt,"Sorriso, MT",-12.5425,-55.7211,0.4048,AppEEARS:MOD13Q1.061:_250m_16_days_NDVI
2011-06-10,sorriso_mt,"Sorriso, MT",-12.5425,-55.7211,0.3923,AppEEARS:MOD13Q1.061:_250m_16_days_NDVI
2011-06-26,sorriso_mt,"Sorriso, MT",-12.5425,-55.7211,0.3954,AppEEARS:MOD13Q1.061:_250m_16_days_NDVI
2011-07-12,sorriso_mt,"Sorriso, MT",-12.5425,-55.7211,0.3563,AppEEARS:MOD13Q1.061:_250m_16_days_NDVI
2011-07-28,sorriso_mt,"Sorriso, MT",-12.5425,-55.7211,0.3436,AppEEARS:MOD13Q1.061:_250m_16_days_NDVI
2011-08-13,sorriso_mt,"Sorriso, MT",-12.5425,-55.7211,0.3259,AppEEARS:MOD13Q1.061:_250m_16_days_NDVI
2011-08-29,sorriso_mt,"Sorriso, MT",-12.5425,-55.7211,0.3565,AppEEARS:MOD13Q1.061:_250m_16_days_NDVI
2011-09-14,sorriso_mt,"Sorriso, MT",-12.5425,-55.7211,0.337,AppEEARS:MOD13Q1.061:_250m_16_days_NDVI
2011-09-30,sorriso_mt,"Sorriso, MT",-12.5425,-55.7211,0.4351,AppEEARS:MOD13Q1.061:_250m_16_days_NDVI
2011-10-16,sorriso_mt,"Sorriso, MT",-12.5425,-55.7211,0.3938,AppEEARS:MOD13Q1.061:_250m_16_days_NDVI
2011-11-01,sorriso_mt,"Sorriso, MT",-12.5425,-55.7211,0.4836,AppEEARS:MOD13Q1.061:_250m_16_days_NDVI
2011-11-17,sorriso_mt,"Sorriso, MT",-12.5425,-55.7211,0.5212,AppEEARS:MOD13Q1.061:_250m_16_days_NDVI
2011-12-03,sorriso_mt,"Sorriso, MT",-12.5425,-55.7211,0.1988,AppEEARS:MOD13Q1.061:_250m_16_days_NDVI
2011-12-19,sorriso_mt,"Sorriso, MT",-12.5425,-55.7211,0.457,AppEEARS:MOD13Q1.061:_250m_16_days_NDVI
2012-01-01,sorriso_mt,"Sorriso, MT",-12.5425,-55.7211,0.5705,AppEEARS:MOD13Q1.061:_250m_16_days_NDVI
2012-01-17,sorriso_mt,"Sorriso, MT",-12.5425,-55.7211,0.442,AppEEARS:MOD13Q1.061:_250m_16_days_NDVI
2012-02-02,sorriso_mt,"Sorriso, MT",-12.5425,-55.7211,0.4288,AppEEARS:MOD13Q1.061:_250m_16_days_NDVI
2012-02-18,sorriso_mt,"Sorriso, MT",-12.5425,-55.7211,0.4325,AppEEARS:MOD13Q1.061:_250m_16_days_NDVI
2012-03-05,sorriso_mt,"Sorriso, MT",-12.5425,-55.7211,0.4749,AppEEARS:MOD13Q1.061:_250m_16_days_NDVI
2012-03-21,sorriso_mt,"Sorriso, MT",-12.5425,-55.7211,0.4354,AppEEARS:MOD13Q1.061:_250m_16_days_NDVI
2012-04-06,sorriso_mt,"Sorriso, MT",-12.5425,-55.7211,0.4524,AppEEARS:MOD13Q1.061:_250m_16_days_NDVI
2012-04-22,sorriso_mt,"Sorriso, MT",-12.5425,-55.7211,0.4097,AppEEARS:MOD13Q1.061:_250m_16_days_NDVI
2012-05-08,sorriso_mt,"Sorriso, MT",-12.5425,-55.7211,0.375,AppEEARS:MOD13Q1.061:_250m_16_days_NDVI
2012-05-24,sorriso_mt,"Sorriso, MT",-12.5425,-55.7211,0.4263,AppEEARS:MOD13Q1.061:_250m_16_days_NDVI
2012-06-09,sorriso_mt,"Sorriso, MT",-12.5425,-55.7211,0.3989,AppEEARS:MOD13Q1.061:_250m_16_days_NDVI
2012-06-25,sorriso_mt,"Sorriso, MT",-12.5425,-55.7211,0.3863,AppEEARS:MOD13Q1.061:_250m_16_days_NDVI
2012-07-11,sorriso_mt,"Sorriso, MT",-12.5425,-55.7211,0.3766,AppEEARS:MOD13Q1.061:_250m_16_days_NDVI
2012-07-27,sorriso_mt,"Sorriso, MT",-12.5425,-55.7211,0.3492,AppEEARS:MOD13Q1.061:_250m_16_days_NDVI
2012-08-12,sorriso_mt,"Sorriso, MT",-12.5425,-55.7211,0.3565,AppEEARS:MOD13Q1.061:_250m_16_days_NDVI
2012-08-28,sorriso_mt,"Sorriso, MT",-12.5425,-55.7211,0.2986,AppEEARS:MOD13Q1.061:_250m_16_days_NDVI
2012-09-13,sorriso_mt,"Sorriso, MT",-12.5425,-55.7211,0.3487,AppEEARS:MOD13Q1.061:_250m_16_days_NDVI
2012-09-29,sorriso_mt,"Sorriso, MT",-12.5425,-55.7211,0.3858,AppEEARS:MOD13Q1.061:_250m_16_days_NDVI
2012-10-15,sorriso_mt,"Sorriso, MT",-12.5425,-55.7211,0.3948,AppEEARS:MOD13Q1.061:_250m_16_days_NDVI
2012-10-31,sorriso_mt,"Sorriso, MT",-12.5425,-55.7211,0.3878,AppEEARS:MOD13Q1.061:_250m_16_days_NDVI
2012-11-16,sorriso_mt,"Sorriso, MT",-12.5425,-55.7211,0.3413,AppEEARS:MOD13Q1.061:_250m_16_days_NDVI
2012-12-02,sorriso_mt,"Sorriso, MT",-12.5425,-55.7211,0.3911,AppEEARS:MOD13Q1.061:_250m_16_days_NDVI
2012-12-18,sorriso_mt,"Sorriso, MT",-12.5425,-55.7211,0.4088,AppEEARS:MOD13Q1.061:_250m_16_days_NDVI
2013-01-01,sorriso_mt,"Sorriso, MT",-12.5425,-55.7211,0.3412,AppEEARS:MOD13Q1.061:_250m_16_days_NDVI
2013-01-17,sorriso_mt,"Sorriso, MT",-12.5425,-55.7211,0.4569,AppEEARS:MOD13Q1.061:_250m_16_days_NDVI
2013-02-02,sorriso_mt,"Sorriso, MT",-12.5425,-55.7211,0.4442,AppEEARS:MOD13Q1.061:_250m_16_days_NDVI
2013-02-18,sorriso_mt,"Sorriso, MT",-12.5425,-55.7211,0.4269,AppEEARS:MOD13Q1.061:_250m_16_days_NDVI
2013-03-06,sorriso_mt,"Sorriso, MT",-12.5425,-55.7211,0.4013,AppEEARS:MOD13Q1.061:_250m_16_days_NDVI
2013-03-22,sorriso_mt,"Sorriso, MT",-12.5425,-55.7211,0.5485,AppEEARS:MOD13Q1.061:_250m_16_days_NDVI
2013-04-07,sorriso_mt,"Sorriso, MT",-12.5425,-55.7211,0.4599,AppEEARS:MOD13Q1.061:_250m_16_days_NDVI
2013-04-23,sorriso_mt,"Sorriso, MT",-12.5425,-55.7211,0.441,AppEEARS:MOD13Q1.061:_250m_16_days_NDVI
2013-05-09,sorriso_mt,"Sorriso, MT",-12.5425,-55.7211,0.4025,AppEEARS:MOD13Q1.061:_250m_16_days_NDVI
2013-05-25,sorriso_mt,"Sorriso, MT",-12.5425,-55.7211,0.4327,AppEEARS:MOD13Q1.061:_250m_16_days_NDVI
2013-06-10,sorriso_mt,"Sorriso, MT",-12.5425,-55.7211,0.45,AppEEARS:MOD13Q1.061:_250m_16_days_NDVI
2013-06-26,sorriso_mt,"Sorriso, MT",-12.5425,-55.7211,0.4211,AppEEARS:MOD13Q1.061:_250m_16_days_NDVI
2013-07-12,sorriso_mt,"Sorriso, MT",-12.5425,-55.7211,0.3674,AppEEARS:MOD13Q1.061:_250m_16_days_NDVI
2013-07-28,sorriso_mt,"Sorriso, MT",-12.5425,-55.7211,0.3693,AppEEARS:MOD13Q1.061:_250m_16_days_NDVI
2013-08-13,sorriso_mt,"Sorriso, MT",-12.5425,-55.7211,0.3276,AppEEARS:MOD13Q1.061:_250m_16_days_NDVI
2013-08-29,sorriso_mt,"Sorriso, MT",-12.5425,-55.7211,0.3294,AppEEARS:MOD13Q1.061:_250m_16_days_NDVI
2013-09-14,sorriso_mt,"Sorriso, MT",-12.5425,-55.7211,0.3717,AppEEARS:MOD13Q1.061:_250m_16_days_NDVI
2013-09-30,sorriso_mt,"Sorriso, MT",-12.5425,-55.7211,0.4064,AppEEARS:MOD13Q1.061:_250m_16_days_NDVI
2013-10-16,sorriso_mt,"Sorriso, MT",-12.5425,-55.7211,0.4071,AppEEARS:MOD13Q1.061:_250m_16_days_NDVI
2013-11-01,sorriso_mt,"Sorriso, MT",-12.5425,-55.7211,0.4102,AppEEARS:MOD13Q1.061:_250m_16_days_NDVI
2013-11-17,sorriso_mt,"Sorriso, MT",-12.5425,-55.7211,0.4468,AppEEARS:MOD13Q1.061:_250m_16_days_NDVI
2013-12-03,sorriso_mt,"Sorriso, MT",-12.5425,-55.7211,0.4213,AppEEARS:MOD13Q1.061:_250m_16_days_NDVI
2013-12-19,sorriso_mt,"Sorriso, MT",-12.5425,-55.7211,0.5433,AppEEARS:MOD13Q1.061:_250m_16_days_NDVI
2014-01-01,sorriso_mt,"Sorriso, MT",-12.5425,-55.7211,0.4755,AppEEARS:MOD13Q1.061:_250m_16_days_NDVI
2014-01-17,sorriso_mt,"Sorriso, MT",-12.5425,-55.7211,0.4524,AppEEARS:MOD13Q1.061:_250m_16_days_NDVI
2014-02-02,sorriso_mt,"Sorriso, MT",-12.5425,-55.7211,0.5089,AppEEARS:MOD13Q1.061:_250m_16_days_NDVI
2014-02-18,sorriso_mt,"Sorriso, MT",-12.5425,-55.7211,0.3663,AppEEARS:MOD13Q1.061:_250m_16_days_NDVI
2014-03-06,sorriso_mt,"Sorriso, MT",-12.5425,-55.7211,0.4263,AppEEARS:MOD13Q1.061:_250m_16_days_NDVI
2014-03-22,sorriso_mt,"Sorriso, MT",-12.5425,-55.7211,0.4766,AppEEARS:MOD13Q1.061:_250m_16_days_NDVI
2014-04-07,sorriso_mt,"Sorriso, MT",-12.5425,-55.7211,0.4324,AppEEARS:MOD13Q1.061:_250m_16_days_NDVI
2014-04-23,sorriso_mt,"Sorriso, MT",-12.5425,-55.7211,0.416,AppEEARS:MOD13Q1.061:_250m_16_days_NDVI
2014-05-09,sorriso_mt,"Sorriso, MT",-12.5425,-55.7211,0.4411,AppEEARS:MOD13Q1.061:_250m_16_days_NDVI
2014-05-25,sorriso_mt,"Sorriso, MT",-12.5425,-55.7211,0.3898,AppEEARS:MOD13Q1.061:_250m_16_days_NDVI
2014-06-10,sorriso_mt,"Sorriso, MT",-12.5425,-55.7211,0.3966,AppEEARS:MOD13Q1.061:_250m_16_days_NDVI
2014-06-26,sorriso_mt,"Sorriso, MT",-12.5425,-55.7211,0.4012,AppEEARS:MOD13Q1.061:_250m_16_days_NDVI
2014-07-12,sorriso_mt,"Sorriso, MT",-12.5425,-55.7211,0.343,AppEEARS:MOD13Q1.061:_250m_16_days_NDVI
2014-07-28,sorriso_mt,"Sorriso, MT",-12.5425,-55.7211,0.3621,AppEEARS:MOD13Q1.061:_250m_16_days_NDVI
2014-08-13,sorriso_mt,"Sorriso, MT",-12.5425,-55.7211,0.3519,AppEEARS:MOD13Q1.061:_250m_16_days_NDVI
2014-08-29,sorriso_mt,"Sorriso, MT",-12.5425,-55.7211,0.4204,AppEEARS:MOD13Q1.061:_250m_16_days_NDVI
2014-09-14,sorriso_mt,"Sorriso, MT",-12.5425,-55.7211,0.3676,AppEEARS:MOD13Q1.061:_250m_16_days_NDVI
2014-09-30,sorriso_mt,"Sorriso, MT",-12.5425,-55.7211,0.3588,AppEEARS:MOD13Q1.061:_250m_16_days_NDVI
2014-10-16,sorriso_mt,"Sorriso, MT",-12.5425,-55.7211,0.3876,AppEEARS:MOD13Q1.061:_250m_16_days_NDVI
2014-11-01,sorriso_mt,"Sorriso, MT",-12.5425,-55.7211,0.4385,AppEEARS:MOD13Q1.061:_250m_16_days_NDVI
2014-11-17,sorriso_mt,"Sorriso, MT",-12.5425,-55.7211,0.4171,AppEEARS:MOD13Q1.061:_250m_16_days_NDVI
2014-12-03,sorriso_mt,"Sorriso, MT",-12.5425,-55.7211,0.5128,AppEEARS:MOD13Q1.061:_250m_16_days_NDVI
2014-12-19,sorriso_mt,"Sorriso, MT",-12.5425,-55.7211,0.4404,AppEEARS:MOD13Q1.061:_250m_16_days_NDVI
2015-01-01,sorriso_mt,"Sorriso, MT",-12.5425,-55.7211,0.4404,AppEEARS:MOD13Q1.061:_250m_16_days_NDVI
2015-01-17,sorriso_mt,"Sorriso, MT",-12.5425,-55.7211,0.4276,AppEEARS:MOD13Q1.061:_250m_16_days_NDVI
2015-02-02,sorriso_mt,"Sorriso, MT",-12.5425,-55.7211,0.706,AppEEARS:MOD13Q1.061:_250m_16_days_NDVI
2015-02-18,sorriso_mt,"Sorriso, MT",-12.5425,-55.7211,0.4056,AppEEARS:MOD13Q1.061:_250m_16_days_NDVI
2015-03-06,sorriso_mt,"Sorriso, MT",-12.5425,-55.7211,0.1865,AppEEARS:MOD13Q1.061:_250m_16_days_NDVI
2015-03-22,sorriso_mt,"Sorriso, MT",-12.5425,-55.7211,0.5272,AppEEARS:MOD13Q1.061:_250m_16_days_NDVI
2015-04-07,sorriso_mt,"Sorriso, MT",-12.5425,-55.7211,0.4558,AppEEARS:MOD13Q1.061:_250m_16_days_NDVI
2015-04-23,sorriso_mt,"Sorriso, MT",-12.5425,-55.7211,0.4546,AppEEARS:MOD13Q1.061:_250m_16_days_NDVI
2015-05-09,sorriso_mt,"Sorriso, MT",-12.5425,-55.7211,0.4604,AppEEARS:MOD13Q1.061:_250m_16_days_NDVI
2015-05-25,sorriso_mt,"Sorriso, MT",-12.5425,-55.7211,0.4403,AppEEARS:MOD13Q1.061:_250m_16_days_NDVI
2015-06-10,sorriso_mt,"Sorriso, MT",-12.5425,-55.7211,0.3636,AppEEARS:MOD13Q1.061:_250m_16_days_NDVI
2015-06-26,sorriso_mt,"Sorriso, MT",-12.5425,-55.7211,0.3702,AppEEARS:MOD13Q1.061:_250m_16_days_NDVI
2015-07-12,sorriso_mt,"Sorriso, MT",-12.5425,-55.7211,0.4496,AppEEARS:MOD13Q1.061:_250m_16_days_NDVI
2015-07-28,sorriso_mt,"Sorriso, MT",-12.5425,-55.7211,0.3663,AppEEARS:MOD13Q1.061:_250m_16_days_NDVI
2015-08-13,sorriso_mt,"Sorriso, MT",-12.5425,-55.7211,0.3741,AppEEARS:MOD13Q1.061:_250m_16_days_NDVI
2015-08-29,sorriso_mt,"Sorriso, MT",-12.5425,-55.7211,0.3902,AppEEARS:MOD13Q1.061:_250m_16_days_NDVI
2015-09-14,sorriso_mt,"Sorriso, MT",-12.5425,-55.7211,0.3351,AppEEARS:MOD13Q1.061:_250m_16_days_NDVI
2015-09-30,sorriso_mt,"Sorriso, MT",-12.5425,-55.7211,0.3547,AppEEARS:MOD13Q1.061:_250m_16_days_NDVI
2015-10-16,sorriso_mt,"Sorriso, MT",-12.5425,-55.7211,0.3817,AppEEARS:MOD13Q1.061:_250m_16_days_NDVI
2015-11-01,sorriso_mt,"Sorriso, MT",-12.5425,-55.7211,0.3424,AppEEARS:MOD13Q1.061:_250m_16_days_NDVI
2015-11-17,sorriso_mt,"Sorriso, MT",-12.5425,-55.7211,0.4236,AppEEARS:MOD13Q1.061:_250m_16_days_NDVI
2015-12-03,sorriso_mt,"Sorriso, MT",-12.5425,-55.7211,0.3877,AppEEARS:MOD13Q1.061:_250m_16_days_NDVI
2015-12-19,sorriso_mt,"Sorriso, MT",-12.5425,-55.7211,0.4083,AppEEARS:MOD13Q1.061:_250m_16_days_NDVI
2016-01-01,sorriso_mt,"Sorriso, MT",-12.5425,-55.7211,0.3401,AppEEARS:MOD13Q1.061:_250m_16_days_NDVI
2016-01-17,sorriso_mt,"Sorriso, MT",-12.5425,-55.7211,0.3901,AppEEARS:MOD13Q1.061:_250m_16_days_NDVI
2016-02-02,sorriso_mt,"Sorriso, MT",-12.5425,-55.7211,0.4419,AppEEARS:MOD13Q1.061:_250m_16_days_NDVI
2016-02-18,sorriso_mt,"Sorriso, MT",-12.5425,-55.7211,0.4238,AppEEARS:MOD13Q1.061:_250m_16_days_NDVI
2016-03-05,sorriso_mt,"Sorriso, MT",-12.5425,-55.7211,0.4902,AppEEARS:MOD13Q1.061:_250m_16_days_NDVI
2016-03-21,sorriso_mt,"Sorriso, MT",-12.5425,-55.7211,0.4611,AppEEARS:MOD13Q1.061:_250m_16_days_NDVI
2016-04-06,sorriso_mt,"Sorriso, MT",-12.5425,-55.7211,0.4134,AppEEARS:MOD13Q1.061:_250m_16_days_NDVI
2016-04-22,sorriso_mt,"Sorriso, MT",-12.5425,-55.7211,0.4272,AppEEARS:MOD13Q1.061:_250m_16_days_NDVI
2016-05-08,sorriso_mt,"Sorriso, MT",-12.5425,-55.7211,0.4354,AppEEARS:MOD13Q1.061:_250m_16_days_NDVI
2016-05-24,sorriso_mt,"Sorriso, MT",-12.5425,-55.7211,0.4079,AppEEARS:MOD13Q1.061:_250m_16_days_NDVI
2016-06-09,sorriso_mt,"Sorriso, MT",-12.5425,-55.7211,0.4126,AppEEARS:MOD13Q1.061:_250m_16_days_NDVI
2016-06-25,sorriso_mt,"Sorriso, MT",-12.5425,-55.7211,0.3288,AppEEARS:MOD13Q1.061:_250m_16_days_NDVI
2016-07-11,sorriso_mt,"Sorriso, MT",-12.5425,-55.7211,0.3292,AppEEARS:MOD13Q1.061:_250m_16_days_NDVI
2016-07-27,sorriso_mt,"Sorriso, MT",-12.5425,-55.7211,0.3387,AppEEARS:MOD13Q1.061:_250m_16_days_NDVI
2016-08-12,sorriso_mt,"Sorriso, MT",-12.5425,-55.7211,0.3478,AppEEARS:MOD13Q1.061:_250m_16_days_NDVI
2016-08-28,sorriso_mt,"Sorriso, MT",-12.5425,-55.7211,0.3532,AppEEARS:MOD13Q1.061:_250m_16_days_NDVI
2016-09-13,sorriso_mt,"Sorriso, MT",-12.5425,-55.7211,0.3758,AppEEARS:MOD13Q1.061:_250m_16_days_NDVI
2016-09-29,sorriso_mt,"Sorriso, MT",-12.5425,-55.7211,0.3459,AppEEARS:MOD13Q1.061:_250m_16_days_NDVI
2016-10-15,sorriso_mt,"Sorriso, MT",-12.5425,-55.7211,0.3811,AppEEARS:MOD13Q1.061:_250m_16_days_NDVI
2016-10-31,sorriso_mt,"Sorriso, MT",-12.5425,-55.7211,0.3953,AppEEARS:MOD13Q1.061:_250m_16_days_NDVI
2016-11-16,sorriso_mt,"Sorriso, MT",-12.5425,-55.7211,0.4341,AppEEARS:MOD13Q1.061:_250m_16_days_NDVI
2016-12-02,sorriso_mt,"Sorriso, MT",-12.5425,-55.7211,0.413,AppEEARS:MOD13Q1.061:_250m_16_days_NDVI
2016-12-18,sorriso_mt,"Sorriso, MT",-12.5425,-55.7211,0.4107,AppEEARS:MOD13Q1.061:_250m_16_days_NDVI
2017-01-01,sorriso_mt,"Sorriso, MT",-12.5425,-55.7211,0.503,AppEEARS:MOD13Q1.061:_250m_16_days_NDVI
2017-01-17,sorriso_mt,"Sorriso, MT",-12.5425,-55.7211,0.3681,AppEEARS:MOD13Q1.061:_250m_16_days_NDVI
2017-02-02,sorriso_mt,"Sorriso, MT",-12.5425,-55.7211,0.4044,AppEEARS:MOD13Q1.061:_250m_16_days_NDVI
2017-02-18,sorriso_mt,"Sorriso, MT",-12.5425,-55.7211,0.39,AppEEARS:MOD13Q1.061:_250m_16_days_NDVI
2017-03-06,sorriso_mt,"Sorriso, MT",-12.5425,-55.7211,0.4437,AppEEARS:MOD13Q1.061:_250m_16_days_NDVI
2017-03-22,sorriso_mt,"Sorriso, MT",-12.5425,-55.7211,0.5079,AppEEARS:MOD13Q1.061:_250m_16_days_NDVI
2017-04-07,sorriso_mt,"Sorriso, MT",-12.5425,-55.7211,0.48,AppEEARS:MOD13Q1.061:_250m_16_days_NDVI
2017-04-23,sorriso_mt,"Sorriso, MT",-12.5425,-55.7211,0.4368,AppEEARS:MOD13Q1.061:_250m_16_days_NDVI
2017-05-09,sorriso_mt,"Sorriso, MT",-12.5425,-55.7211,0.4051,AppEEARS:MOD13Q1.061:_250m_16_days_NDVI
2017-05-25,sorriso_mt,"Sorriso, MT",-12.5425,-55.7211,0.432,AppEEARS:MOD13Q1.061:_250m_16_days_NDVI
2017-06-10,sorriso_mt,"Sorriso, MT",-12.5425,-55.7211,0.4081,AppEEARS:MOD13Q1.061:_250m_16_days_NDVI
2017-06-26,sorriso_mt,"Sorriso, MT",-12.5425,-55.7211,0.3914,AppEEARS:MOD13Q1.061:_250m_16_days_NDVI
2017-07-12,sorriso_mt,"Sorriso, MT",-12.5425,-55.7211,0.3748,AppEEARS:MOD13Q1.061:_250m_16_days_NDVI
2017-07-28,sorriso_mt,"Sorriso, MT",-12.5425,-55.7211,0.3435,AppEEARS:MOD13Q1.061:_250m_16_days_NDVI
2017-08-13,sorriso_mt,"Sorriso, MT",-12.5425,-55.7211,0.3592,AppEEARS:MOD13Q1.061:_250m_16_days_NDVI
2017-08-29,sorriso_mt,"Sorriso, MT",-12.5425,-55.7211,0.3452,AppEEARS:MOD13Q1.061:_250m_16_days_NDVI
2017-09-14,sorriso_mt,"Sorriso, MT",-12.5425,-55.7211,0.3637,AppEEARS:MOD13Q1.061:_250m_16_days_NDVI
2017-09-30,sorriso_mt,"Sorriso, MT",-12.5425,-55.7211,0.3579,AppEEARS:MOD13Q1.061:_250m_16_days_NDVI
2017-10-16,sorriso_mt,"Sorriso, MT",-12.5425,-55.7211,0.3983,AppEEARS:MOD13Q1.061:_250m_16_days_NDVI
2017-11-01,sorriso_mt,"Sorriso, MT",-12.5425,-55.7211,0.4953,AppEEARS:MOD13Q1.061:_250m_16_days_NDVI
2017-11-17,sorriso_mt,"Sorriso, MT",-12.5425,-55.7211,0.3429,AppEEARS:MOD13Q1.061:_250m_16_days_NDVI
2017-12-03,sorriso_mt,"Sorriso, MT",-12.5425,-55.7211,0.2076,AppEEARS:MOD13Q1.061:_250m_16_days_NDVI
2017-12-19,sorriso_mt,"Sorriso, MT",-12.5425,-55.7211,0.4452,AppEEARS:MOD13Q1.061:_250m_16_days_NDVI
2018-01-01,sorriso_mt,"Sorriso, MT",-12.5425,-55.7211,0.4016,AppEEARS:MOD13Q1.061:_250m_16_days_NDVI
2018-01-17,sorriso_mt,"Sorriso, MT",-12.5425,-55.7211,0.4412,AppEEARS:MOD13Q1.061:_250m_16_days_NDVI
2018-02-02,sorriso_mt,"Sorriso, MT",-12.5425,-55.7211,0.4108,AppEEARS:MOD13Q1.061:_250m_16_days_NDVI
2018-02-18,sorriso_mt,"Sorriso, MT",-12.5425,-55.7211,0.5447,AppEEARS:MOD13Q1.061:_250m_16_days_NDVI
2018-03-06,sorriso_mt,"Sorriso, MT",-12.5425,-55.7211,0.5992,AppEEARS:MOD13Q1.061:_250m_16_days_NDVI
2018-03-22,sorriso_mt,"Sorriso, MT",-12.5425,-55.7211,0.5349,AppEEARS:MOD13Q1.061:_250m_16_days_NDVI
2018-04-07,sorriso_mt,"Sorriso, MT",-12.5425,-55.7211,0.4683,AppEEARS:MOD13Q1.061:_250m_16_days_NDVI
2018-04-23,sorriso_mt,"Sorriso, MT",-12.5425,-55.7211,0.4665,AppEEARS:MOD13Q1.061:_250m_16_days_NDVI
2018-05-09,sorriso_mt,"Sorriso, MT",-12.5425,-55.7211,0.4389,AppEEARS:MOD13Q1.061:_250m_16_days_NDVI
2018-05-25,sorriso_mt,"Sorriso, MT",-12.5425,-55.7211,0.4563,AppEEARS:MOD13Q1.061:_250m_16_days_NDVI
2018-06-10,sorriso_mt,"Sorriso, MT",-12.5425,-55.7211,0.4364,AppEEARS:MOD13Q1.061:_250m_16_days_NDVI
2018-06-26,sorriso_mt,"Sorriso, MT",-12.5425,-55.7211,0.4101,AppEEARS:MOD13Q1.061:_250m_16_days_NDVI
2018-07-12,sorriso_mt,"Sorriso, MT",-12.5425,-55.7211,0.3717,AppEEARS:MOD13Q1.061:_250m_16_days_NDVI
2018-07-28,sorriso_mt,"Sorriso, MT",-12.5425,-55.7211,0.361,AppEEARS:MOD13Q1.061:_250m_16_days_NDVI
2018-08-13,sorriso_mt,"Sorriso, MT",-12.5425,-55.7211,0.3789,AppEEARS:MOD13Q1.061:_250m_16_days_NDVI
2018-08-29,sorriso_mt,"Sorriso, MT",-12.5425,-55.7211,0.3566,AppEEARS:MOD13Q1.061:_250m_16_days_NDVI
2018-09-14,sorriso_mt,"Sorriso, MT",-12.5425,-55.7211,0.3615,AppEEARS:MOD13Q1.061:_250m_16_days_NDVI
2018-09-30,sorriso_mt,"Sorriso, MT",-12.5425,-55.7211,0.3886,AppEEARS:MOD13Q1.061:_250m_16_days_NDVI
2018-10-16,sorriso_mt,"Sorriso, MT",-12.5425,-55.7211,0.3221,AppEEARS:MOD13Q1.061:_250m_16_days_NDVI
2018-11-01,sorriso_mt,"Sorriso, MT",-12.5425,-55.7211,0.3106,AppEEARS:MOD13Q1.061:_250m_16_days_NDVI
2018-11-17,sorriso_mt,"Sorriso, MT",-12.5425,-55.7211,0.2769,AppEEARS:MOD13Q1.061:_250m_16_days_NDVI
2018-12-03,sorriso_mt,"Sorriso, MT",-12.5425,-55.7211,0.4749,AppEEARS:MOD13Q1.061:_250m_16_days_NDVI
2018-12-19,sorriso_mt,"Sorriso, MT",-12.5425,-55.7211,0.4308,AppEEARS:MOD13Q1.061:_250m_16_days_NDVI
2019-01-01,sorriso_mt,"Sorriso, MT",-12.5425,-55.7211,0.4308,AppEEARS:MOD13Q1.061:_250m_16_days_NDVI
2019-01-17,sorriso_mt,"Sorriso, MT",-12.5425,-55.7211,0.4092,AppEEARS:MOD13Q1.061:_250m_16_days_NDVI
2019-02-02,sorriso_mt,"Sorriso, MT",-12.5425,-55.7211,0.4192,AppEEARS:MOD13Q1.061:_250m_16_days_NDVI
2019-02-18,sorriso_mt,"Sorriso, MT",-12.5425,-55.7211,0.4812,AppEEARS:MOD13Q1.061:_250m_16_days_NDVI
2019-03-06,sorriso_mt,"Sorriso, MT",-12.5425,-55.7211,0.5161,AppEEARS:MOD13Q1.061:_250m_16_days_NDVI
2019-03-22,sorriso_mt,"Sorriso, MT",-12.5425,-55.7211,0.4813,AppEEARS:MOD13Q1.061:_250m_16_days_NDVI
2019-04-07,sorriso_mt,"Sorriso, MT",-12.5425,-55.7211,0.4704,AppEEARS:MOD13Q1.061:_250m_16_days_NDVI
2019-04-23,sorriso_mt,"Sorriso, MT",-12.5425,-55.7211,0.4697,AppEEARS:MOD13Q1.061:_250m_16_days_NDVI
2019-05-09,sorriso_mt,"Sorriso, MT",-12.5425,-55.7211,0.4131,AppEEARS:MOD13Q1.061:_250m_16_days_NDVI
2019-05-25,sorriso_mt,"Sorriso, MT",-12.5425,-55.7211,0.4218,AppEEARS:MOD13Q1.061:_250m_16_days_NDVI
2019-06-10,sorriso_mt,"Sorriso, MT",-12.5425,-55.7211,0.3989,AppEEARS:MOD13Q1.061:_250m_16_days_NDVI
2019-06-26,sorriso_mt,"Sorriso, MT",-12.5425,-55.7211,0.3775,AppEEARS:MOD13Q1.061:_250m_16_days_NDVI
2019-07-12,sorriso_mt,"Sorriso, MT",-12.5425,-55.7211,0.3743,AppEEARS:MOD13Q1.061:_250m_16_days_NDVI
2019-07-28,sorriso_mt,"Sorriso, MT",-12.5425,-55.7211,0.3468,AppEEARS:MOD13Q1.061:_250m_16_days_NDVI
2019-08-13,sorriso_mt,"Sorriso, MT",-12.5425,-55.7211,0.3337,AppEEARS:MOD13Q1.061:_250m_16_days_NDVI
2019-08-29,sorriso_mt,"Sorriso, MT",-12.5425,-55.7211,0.3423,AppEEARS:MOD13Q1.061:_250m_16_days_NDVI
2019-09-14,sorriso_mt,"Sorriso, MT",-12.5425,-55.7211,0.317,AppEEARS:MOD13Q1.061:_250m_16_days_NDVI
2019-09-30,sorriso_mt,"Sorriso, MT",-12.5425,-55.7211,0.3955,AppEEARS:MOD13Q1.061:_250m_16_days_NDVI
2019-10-16,sorriso_mt,"Sorriso, MT",-12.5425,-55.7211,0.3887,AppEEARS:MOD13Q1.061:_250m_16_days_NDVI
2019-11-01,sorriso_mt,"Sorriso, MT",-12.5425,-55.7211,0.4932,AppEEARS:MOD13Q1.061:_250m_16_days_NDVI
2019-11-17,sorriso_mt,"Sorriso, MT",-12.5425,-55.7211,0.4366,AppEEARS:MOD13Q1.061:_250m_16_days_NDVI
2019-12-03,sorriso_mt,"Sorriso, MT",-12.5425,-55.7211,0.4113,AppEEARS:MOD13Q1.061:_250m_16_days_NDVI
2019-12-19,sorriso_mt,"Sorriso, MT",-12.5425,-55.7211,0.3851,AppEEARS:MOD13Q1.061:_250m_16_days_NDVI
2020-01-01,sorriso_mt,"Sorriso, MT",-12.5425,-55.7211,0.4278,AppEEARS:MOD13Q1.061:_250m_16_days_NDVI
2020-01-17,sorriso_mt,"Sorriso, MT",-12.5425,-55.7211,0.438,AppEEARS:MOD13Q1.061:_250m_16_days_NDVI
2020-02-02,sorriso_mt,"Sorriso, MT",-12.5425,-55.7211,0.4452,AppEEARS:MOD13Q1.061:_250m_16_days_NDVI
2020-02-18,sorriso_mt,"Sorriso, MT",-12.5425,-55.7211,0.4452,AppEEARS:MOD13Q1.061:_250m_16_days_NDVI
2020-03-05,sorriso_mt,"Sorriso, MT",-12.5425,-55.7211,0.2258,AppEEARS:MOD13Q1.061:_250m_16_days_NDVI
2020-03-21,sorriso_mt,"Sorriso, MT",-12.5425,-55.7211,0.4469,AppEEARS:MOD13Q1.061:_250m_16_days_NDVI
2020-04-06,sorriso_mt,"Sorriso, MT",-12.5425,-55.7211,0.4643,AppEEARS:MOD13Q1.061:_250m_16_days_NDVI
2020-04-22,sorriso_mt,"Sorriso, MT",-12.5425,-55.7211,0.4455,AppEEARS:MOD13Q1.061:_250m_16_days_NDVI
2020-05-08,sorriso_mt,"Sorriso, MT",-12.5425,-55.7211,0.4652,AppEEARS:MOD13Q1.061:_250m_16_days_NDVI
2020-05-24,sorriso_mt,"Sorriso, MT",-12.5425,-55.7211,0.3816,AppEEARS:MOD13Q1.061:_250m_16_days_NDVI
2020-06-09,sorriso_mt,"Sorriso, MT",-12.5425,-55.7211,0.4037,AppEEARS:MOD13Q1.061:_250m_16_days_NDVI
2020-06-25,sorriso_mt,"Sorriso, MT",-12.5425,-55.7211,0.3589,AppEEARS:MOD13Q1.061:_250m_16_days_NDVI
2020-07-11,sorriso_mt,"Sorriso, MT",-12.5425,-55.7211,0.3388,AppEEARS:MOD13Q1.061:_250m_16_days_NDVI
2020-07-27,sorriso_mt,"Sorriso, MT",-12.5425,-55.7211,0.3482,AppEEARS:MOD13Q1.061:_250m_16_days_NDVI
2020-08-12,sorriso_mt,"Sorriso, MT",-12.5425,-55.7211,0.3252,AppEEARS:MOD13Q1.061:_250m_16_days_NDVI
2020-08-28,sorriso_mt,"Sorriso, MT",-12.5425,-55.7211,0.3155,AppEEARS:MOD13Q1.061:_250m_16_days_NDVI
2020-09-13,sorriso_mt,"Sorriso, MT",-12.5425,-55.7211,0.3174,AppEEARS:MOD13Q1.061:_250m_16_days_NDVI
2020-09-29,sorriso_mt,"Sorriso, MT",-12.5425,-55.7211,0.3294,AppEEARS:MOD13Q1.061:_250m_16_days_NDVI
2020-10-15,sorriso_mt,"Sorriso, MT",-12.5425,-55.7211,0.3327,AppEEARS:MOD13Q1.061:_250m_16_days_NDVI
2020-10-31,sorriso_mt,"Sorriso, MT",-12.5425,-55.7211,0.3361,AppEEARS:MOD13Q1.061:_250m_16_days_NDVI
2020-11-16,sorriso_mt,"Sorriso, MT",-12.5425,-55.7211,0.4433,AppEEARS:MOD13Q1.061:_250m_16_days_NDVI
2020-12-02,sorriso_mt,"Sorriso, MT",-12.5425,-55.7211,0.3847,AppEEARS:MOD13Q1.061:_250m_16_days_NDVI
2020-12-18,sorriso_mt,"Sorriso, MT",-12.5425,-55.7211,0.4148,AppEEARS:MOD13Q1.061:_250m_16_days_NDVI
2021-01-01,sorriso_mt,"Sorriso, MT",-12.5425,-55.7211,0.3445,AppEEARS:MOD13Q1.061:_250m_16_days_NDVI
2021-01-17,sorriso_mt,"Sorriso, MT",-12.5425,-55.7211,0.4192,AppEEARS:MOD13Q1.061:_250m_16_days_NDVI
2021-02-02,sorriso_mt,"Sorriso, MT",-12.5425,-55.7211,0.412,AppEEARS:MOD13Q1.061:_250m_16_days_NDVI
2021-02-18,sorriso_mt,"Sorriso, MT",-12.5425,-55.7211,0.2556,AppEEARS:MOD13Q1.061:_250m_16_days_NDVI
2021-03-06,sorriso_mt,"Sorriso, MT",-12.5425,-55.7211,0.399,AppEEARS:MOD13Q1.061:_250m_16_days_NDVI
2021-03-22,sorriso_mt,"Sorriso, MT",-12.5425,-55.7211,0.5044,AppEEARS:MOD13Q1.061:_250m_16_days_NDVI
2021-04-07,sorriso_mt,"Sorriso, MT",-12.5425,-55.7211,0.4122,AppEEARS:MOD13Q1.061:_250m_16_days_NDVI
2021-04-23,sorriso_mt,"Sorriso, MT",-12.5425,-55.7211,0.4237,AppEEARS:MOD13Q1.061:_250m_16_days_NDVI
2021-05-09,sorriso_mt,"Sorriso, MT",-12.5425,-55.7211,0.4191,AppEEARS:MOD13Q1.061:_250m_16_days_NDVI
2021-05-25,sorriso_mt,"Sorriso, MT",-12.5425,-55.7211,0.39,AppEEARS:MOD13Q1.061:_250m_16_days_NDVI
2021-06-10,sorriso_mt,"Sorriso, MT",-12.5425,-55.7211,0.3667,AppEEARS:MOD13Q1.061:_250m_16_days_NDVI
2021-06-26,sorriso_mt,"Sorriso, MT",-12.5425,-55.7211,0.3374,AppEEARS:MOD13Q1.061:_250m_16_days_NDVI
2021-07-12,sorriso_mt,"Sorriso, MT",-12.5425,-55.7211,0.3409,AppEEARS:MOD13Q1.061:_250m_16_days_NDVI
2021-07-28,sorriso_mt,"Sorriso, MT",-12.5425,-55.7211,0.3,AppEEARS:MOD13Q1.061:_250m_16_days_NDVI
2021-08-13,sorriso_mt,"Sorriso, MT",-12.5425,-55.7211,0.3116,AppEEARS:MOD13Q1.061:_250m_16_days_NDVI
2021-08-29,sorriso_mt,"Sorriso, MT",-12.5425,-55.7211,0.3007,AppEEARS:MOD13Q1.061:_250m_16_days_NDVI
2021-09-14,sorriso_mt,"Sorriso, MT",-12.5425,-55.7211,0.3333,AppEEARS:MOD13Q1.061:_250m_16_days_NDVI
2021-09-30,sorriso_mt,"Sorriso, MT",-12.5425,-55.7211,0.3403,AppEEARS:MOD13Q1.061:_250m_16_days_NDVI
2021-10-16,sorriso_mt,"Sorriso, MT",-12.5425,-55.7211,0.3594,AppEEARS:MOD13Q1.061:_250m_16_days_NDVI
2021-11-01,sorriso_mt,"Sorriso, MT",-12.5425,-55.7211,0.2782,AppEEARS:MOD13Q1.061:_250m_16_days_NDVI
2021-11-17,sorriso_mt,"Sorriso, MT",-12.5425,-55.7211,0.3419,AppEEARS:MOD13Q1.061:_250m_16_days_NDVI
2021-12-03,sorriso_mt,"Sorriso, MT",-12.5425,-55.7211,0.2357,AppEEARS:MOD13Q1.061:_250m_16_days_NDVI
2021-12-19,sorriso_mt,"Sorriso, MT",-12.5425,-55.7211,0.4793,AppEEARS:MOD13Q1.061:_250m_16_days_NDVI
2022-01-01,sorriso_mt,"Sorriso, MT",-12.5425,-55.7211,0.4413,AppEEARS:MOD13Q1.061:_250m_16_days_NDVI
2022-01-17,sorriso_mt,"Sorriso, MT",-12.5425,-55.7211,0.3777,AppEEARS:MOD13Q1.061:_250m_16_days_NDVI
2022-02-02,sorriso_mt,"Sorriso, MT",-12.5425,-55.7211,0.3686,AppEEARS:MOD13Q1.061:_250m_16_days_NDVI
2022-02-18,sorriso_mt,"Sorriso, MT",-12.5425,-55.7211,0.3267,AppEEARS:MOD13Q1.061:_250m_16_days_NDVI
2022-03-06,sorriso_mt,"Sorriso, MT",-12.5425,-55.7211,0.4236,AppEEARS:MOD13Q1.061:_250m_16_days_NDVI
2022-03-22,sorriso_mt,"Sorriso, MT",-12.5425,-55.7211,0.4374,AppEEARS:MOD13Q1.061:_250m_16_days_NDVI
2022-04-07,sorriso_mt,"Sorriso, MT",-12.5425,-55.7211,0.4241,AppEEARS:MOD13Q1.061:_250m_16_days_NDVI
2022-04-23,sorriso_mt,"Sorriso, MT",-12.5425,-55.7211,0.3747,AppEEARS:MOD13Q1.061:_250m_16_days_NDVI
2022-05-09,sorriso_mt,"Sorriso, MT",-12.5425,-55.7211,0.3654,AppEEARS:MOD13Q1.061:_250m_16_days_NDVI
2022-05-25,sorriso_mt,"Sorriso, MT",-12.5425,-55.7211,0.3497,AppEEARS:MOD13Q1.061:_250m_16_days_NDVI
2022-06-10,sorriso_mt,"Sorriso, MT",-12.5425,-55.7211,0.3256,AppEEARS:MOD13Q1.061:_250m_16_days_NDVI
2022-06-26,sorriso_mt,"Sorriso, MT",-12.5425,-55.7211,0.31,AppEEARS:MOD13Q1.061:_250m_16_days_NDVI
2022-07-12,sorriso_mt,"Sorriso, MT",-12.5425,-55.7211,0.2958,AppEEARS:MOD13Q1.061:_250m_16_days_NDVI
2022-07-28,sorriso_mt,"Sorriso, MT",-12.5425,-55.7211,0.3027,AppEEARS:MOD13Q1.061:_250m_16_days_NDVI
2022-08-13,sorriso_mt,"Sorriso, MT",-12.5425,-55.7211,0.3458,AppEEARS:MOD13Q1.061:_250m_16_days_NDVI
2022-08-29,sorriso_mt,"Sorriso, MT",-12.5425,-55.7211,0.2944,AppEEARS:MOD13Q1.061:_250m_16_days_NDVI
2022-09-14,sorriso_mt,"Sorriso, MT",-12.5425,-55.7211,0.3178,AppEEARS:MOD13Q1.061:_250m_16_days_NDVI
2022-09-30,sorriso_mt,"Sorriso, MT",-12.5425,-55.7211,0.3119,AppEEARS:MOD13Q1.061:_250m_16_days_NDVI
2022-10-16,sorriso_mt,"Sorriso, MT",-12.5425,-55.7211,0.3565,AppEEARS:MOD13Q1.061:_250m_16_days_NDVI
2022-11-01,sorriso_mt,"Sorriso, MT",-12.5425,-55.7211,0.3461,AppEEARS:MOD13Q1.061:_250m_16_days_NDVI
2022-11-17,sorriso_mt,"Sorriso, MT",-12.5425,-55.7211,0.3962,AppEEARS:MOD13Q1.061:_250m_16_days_NDVI
2022-12-03,sorriso_mt,"Sorriso, MT",-12.5425,-55.7211,0.3674,AppEEARS:MOD13Q1.061:_250m_16_days_NDVI
2022-12-19,sorriso_mt,"Sorriso, MT",-12.5425,-55.7211,0.4027,AppEEARS:MOD13Q1.061:_250m_16_days_NDVI
2023-01-01,sorriso_mt,"Sorriso, MT",-12.5425,-55.7211,0.3693,AppEEARS:MOD13Q1.061:_250m_16_days_NDVI
2023-01-17,sorriso_mt,"Sorriso, MT",-12.5425,-55.7211,0.3801,AppEEARS:MOD13Q1.061:_250m_16_days_NDVI
2023-02-02,sorriso_mt,"Sorriso, MT",-12.5425,-55.7211,0.3325,AppEEARS:MOD13Q1.061:_250m_16_days_NDVI
2023-02-18,sorriso_mt,"Sorriso, MT",-12.5425,-55.7211,0.3726,AppEEARS:MOD13Q1.061:_250m_16_days_NDVI
2023-03-06,sorriso_mt,"Sorriso, MT",-12.5425,-55.7211,0.3433,AppEEARS:MOD13Q1.061:_250m_16_days_NDVI
2023-03-22,sorriso_mt,"Sorriso, MT",-12.5425,-55.7211,0.3951,AppEEARS:MOD13Q1.061:_250m_16_days_NDVI
2023-04-07,sorriso_mt,"Sorriso, MT",-12.5425,-55.7211,0.3635,AppEEARS:MOD13Q1.061:_250m_16_days_NDVI
2023-04-23,sorriso_mt,"Sorriso, MT",-12.5425,-55.7211,0.4259,AppEEARS:MOD13Q1.061:_250m_16_days_NDVI
2023-05-09,sorriso_mt,"Sorriso, MT",-12.5425,-55.7211,0.4011,AppEEARS:MOD13Q1.061:_250m_16_days_NDVI
2023-05-25,sorriso_mt,"Sorriso, MT",-12.5425,-55.7211,0.3513,AppEEARS:MOD13Q1.061:_250m_16_days_NDVI
2023-06-10,sorriso_mt,"Sorriso, MT",-12.5425,-55.7211,0.3926,AppEEARS:MOD13Q1.061:_250m_16_days_NDVI
2023-06-26,sorriso_mt,"Sorriso, MT",-12.5425,-55.7211,0.3189,AppEEARS:MOD13Q1.061:_250m_16_days_NDVI
2023-07-12,sorriso_mt,"Sorriso, MT",-12.5425,-55.7211,0.3182,AppEEARS:MOD13Q1.061:_250m_16_days_NDVI
2023-07-28,sorriso_mt,"Sorriso, MT",-12.5425,-55.7211,0.2852,AppEEARS:MOD13Q1.061:_250m_16_days_NDVI
2023-08-13,sorriso_mt,"Sorriso, MT",-12.5425,-55.7211,0.2833,AppEEARS:MOD13Q1.061:_250m_16_days_NDVI
2023-08-29,sorriso_mt,"Sorriso, MT",-12.5425,-55.7211,0.337,AppEEARS:MOD13Q1.061:_250m_16_days_NDVI
2023-09-14,sorriso_mt,"Sorriso, MT",-12.5425,-55.7211,0.3066,AppEEARS:MOD13Q1.061:_250m_16_days_NDVI
2023-09-30,sorriso_mt,"Sorriso, MT",-12.5425,-55.7211,0.2998,AppEEARS:MOD13Q1.061:_250m_16_days_NDVI
2023-10-16,sorriso_mt,"Sorriso, MT",-12.5425,-55.7211,0.3295,AppEEARS:MOD13Q1.061:_250m_16_days_NDVI
2023-11-01,sorriso_mt,"Sorriso, MT",-12.5425,-55.7211,0.3183,AppEEARS:MOD13Q1.061:_250m_16_days_NDVI
2023-11-17,sorriso_mt,"Sorriso, MT",-12.5425,-55.7211,0.3204,AppEEARS:MOD13Q1.061:_250m_16_days_NDVI
2023-12-03,sorriso_mt,"Sorriso, MT",-12.5425,-55.7211,0.3187,AppEEARS:MOD13Q1.061:_250m_16_days_NDVI
2023-12-19,sorriso_mt,"Sorriso, MT",-12.5425,-55.7211,0.3799,AppEEARS:MOD13Q1.061:_250m_16_days_NDVI
2024-01-01,sorriso_mt,"Sorriso, MT",-12.5425,-55.7211,0.4148,AppEEARS:MOD13Q1.061:_250m_16_days_NDVI
2024-01-17,sorriso_mt,"Sorriso, MT",-12.5425,-55.7211,0.3614,AppEEARS:MOD13Q1.061:_250m_16_days_NDVI
2024-02-02,sorriso_mt,"Sorriso, MT",-12.5425,-55.7211,0.3565,AppEEARS:MOD13Q1.061:_250m_16_days_NDVI
2024-02-18,sorriso_mt,"Sorriso, MT",-12.5425,-55.7211,0.4109,AppEEARS:MOD13Q1.061:_250m_16_days_NDVI
2024-03-05,sorriso_mt,"Sorriso, MT",-12.5425,-55.7211,0.3186,AppEEARS:MOD13Q1.061:_250m_16_days_NDVI
2024-03-21,sorriso_mt,"Sorriso, MT",-12.5425,-55.7211,0.3292,AppEEARS:MOD13Q1.061:_250m_16_days_NDVI
2024-04-06,sorriso_mt,"Sorriso, MT",-12.5425,-55.7211,0.4276,AppEEARS:MOD13Q1.061:_250m_16_days_NDVI
2024-04-22,sorriso_mt,"Sorriso, MT",-12.5425,-55.7211,0.3729,AppEEARS:MOD13Q1.061:_250m_16_days_NDVI
2024-05-08,sorriso_mt,"Sorriso, MT",-12.5425,-55.7211,0.3897,AppEEARS:MOD13Q1.061:_250m_16_days_NDVI
2024-05-24,sorriso_mt,"Sorriso, MT",-12.5425,-55.7211,0.3389,AppEEARS:MOD13Q1.061:_250m_16_days_NDVI
2024-06-09,sorriso_mt,"Sorriso, MT",-12.5425,-55.7211,0.3257,AppEEARS:MOD13Q1.061:_250m_16_days_NDVI
2024-06-25,sorriso_mt,"Sorriso, MT",-12.5425,-55.7211,0.2955,AppEEARS:MOD13Q1.061:_250m_16_days_NDVI
2024-07-11,sorriso_mt,"Sorriso, MT",-12.5425,-55.7211,0.291,AppEEARS:MOD13Q1.061:_250m_16_days_NDVI
2024-07-27,sorriso_mt,"Sorriso, MT",-12.5425,-55.7211,0.2654,AppEEARS:MOD13Q1.061:_250m_16_days_NDVI
2024-08-12,sorriso_mt,"Sorriso, MT",-12.5425,-55.7211,0.3037,AppEEARS:MOD13Q1.061:_250m_16_days_NDVI
2024-08-28,sorriso_mt,"Sorriso, MT",-12.5425,-55.7211,0.2571,AppEEARS:MOD13Q1.061:_250m_16_days_NDVI
2024-09-13,sorriso_mt,"Sorriso, MT",-12.5425,-55.7211,0.3055,AppEEARS:MOD13Q1.061:_250m_16_days_NDVI
2024-09-29,sorriso_mt,"Sorriso, MT",-12.5425,-55.7211,0.3425,AppEEARS:MOD13Q1.061:_250m_16_days_NDVI
2024-10-15,sorriso_mt,"Sorriso, MT",-12.5425,-55.7211,0.3614,AppEEARS:MOD13Q1.061:_250m_16_days_NDVI
2024-10-31,sorriso_mt,"Sorriso, MT",-12.5425,-55.7211,0.279,AppEEARS:MOD13Q1.061:_250m_16_days_NDVI
2024-11-16,sorriso_mt,"Sorriso, MT",-12.5425,-55.7211,0.3918,AppEEARS:MOD13Q1.061:_250m_16_days_NDVI
2024-12-02,sorriso_mt,"Sorriso, MT",-12.5425,-55.7211,0.4546,AppEEARS:MOD13Q1.061:_250m_16_days_NDVI
2024-12-18,sorriso_mt,"Sorriso, MT",-12.5425,-55.7211,0.4699,AppEEARS:MOD13Q1.061:_250m_16_days_NDVI
2025-01-01,sorriso_mt,"Sorriso, MT",-12.5425,-55.7211,0.3614,AppEEARS:MOD13Q1.061:_250m_16_days_NDVI
2025-01-17,sorriso_mt,"Sorriso, MT",-12.5425,-55.7211,0.3469,AppEEARS:MOD13Q1.061:_250m_16_days_NDVI
2025-02-02,sorriso_mt,"Sorriso, MT",-12.5425,-55.7211,0.436,AppEEARS:MOD13Q1.061:_250m_16_days_NDVI
2025-02-18,sorriso_mt,"Sorriso, MT",-12.5425,-55.7211,0.3368,AppEEARS:MOD13Q1.061:_250m_16_days_NDVI
2025-03-06,sorriso_mt,"Sorriso, MT",-12.5425,-55.7211,0.3856,AppEEARS:MOD13Q1.061:_250m_16_days_NDVI
2025-03-22,sorriso_mt,"Sorriso, MT",-12.5425,-55.7211,0.4429,AppEEARS:MOD13Q1.061:_250m_16_days_NDVI
2025-04-07,sorriso_mt,"Sorriso, MT",-12.5425,-55.7211,0.4164,AppEEARS:MOD13Q1.061:_250m_16_days_NDVI
2025-04-23,sorriso_mt,"Sorriso, MT",-12.5425,-55.7211,0.3666,AppEEARS:MOD13Q1.061:_250m_16_days_NDVI
2025-05-09,sorriso_mt,"Sorriso, MT",-12.5425,-55.7211,0.3934,AppEEARS:MOD13Q1.061:_250m_16_days_NDVI
2025-05-25,sorriso_mt,"Sorriso, MT",-12.5425,-55.7211,0.4218,AppEEARS:MOD13Q1.061:_250m_16_days_NDVI
2025-06-10,sorriso_mt,"Sorriso, MT",-12.5425,-55.7211,0.3834,AppEEARS:MOD13Q1.061:_250m_16_days_NDVI
2025-06-26,sorriso_mt,"Sorriso, MT",-12.5425,-55.7211,0.3986,AppEEARS:MOD13Q1.061:_250m_16_days_NDVI
2025-07-12,sorriso_mt,"Sorriso, MT",-12.5425,-55.7211,0.3384,AppEEARS:MOD13Q1.061:_250m_16_days_NDVI
2025-07-28,sorriso_mt,"Sorriso, MT",-12.5425,-55.7211,0.3582,AppEEARS:MOD13Q1.061:_250m_16_days_NDVI
2025-08-13,sorriso_mt,"Sorriso, MT",-12.5425,-55.7211,0.2903,AppEEARS:MOD13Q1.061:_250m_16_days_NDVI
2025-08-29,sorriso_mt,"Sorriso, MT",-12.5425,-55.7211,0.2857,AppEEARS:MOD13Q1.061:_250m_16_days_NDVI
2025-09-14,sorriso_mt,"Sorriso, MT",-12.5425,-55.7211,0.34,AppEEARS:MOD13Q1.061:_250m_16_days_NDVI
2025-09-30,sorriso_mt,"Sorriso, MT",-12.5425,-55.7211,0.3214,AppEEARS:MOD13Q1.061:_250m_16_days_NDVI
2025-10-16,sorriso_mt,"Sorriso, MT",-12.5425,-55.7211,0.3482,AppEEARS:MOD13Q1.061:_250m_16_days_NDVI
2025-11-01,sorriso_mt,"Sorriso, MT",-12.5425,-55.7211,0.3784,AppEEARS:MOD13Q1.061:_250m_16_days_NDVI
2025-11-17,sorriso_mt,"Sorriso, MT",-12.5425,-55.7211,0.4137,AppEEARS:MOD13Q1.061:_250m_16_days_NDVI
2025-12-03,sorriso_mt,"Sorriso, MT",-12.5425,-55.7211,0.268,AppEEARS:MOD13Q1.061:_250m_16_days_NDVI
2025-12-19,sorriso_mt,"Sorriso, MT",-12.5425,-55.7211,0.4588,AppEEARS:MOD13Q1.061:_250m_16_days_NDVI
2026-01-01,sorriso_mt,"Sorriso, MT",-12.5425,-55.7211,0.3684,AppEEARS:MOD13Q1.061:_250m_16_days_NDVI
2026-01-17,sorriso_mt,"Sorriso, MT",-12.5425,-55.7211,0.3777,AppEEARS:MOD13Q1.061:_250m_16_days_NDVI
2026-02-02,sorriso_mt,"Sorriso, MT",-12.5425,-55.7211,0.3162,AppEEARS:MOD13Q1.061:_250m_16_days_NDVI
2026-02-18,sorriso_mt,"Sorriso, MT",-12.5425,-55.7211,0.2223,AppEEARS:MOD13Q1.061:_250m_16_days_NDVI
2026-03-06,sorriso_mt,"Sorriso, MT",-12.5425,-55.7211,0.4049,AppEEARS:MOD13Q1.061:_250m_16_days_NDVI
2026-03-22,sorriso_mt,"Sorriso, MT",-12.5425,-55.7211,0.3571,AppEEARS:MOD13Q1.061:_250m_16_days_NDVI
2026-04-07,sorriso_mt,"Sorriso, MT",-12.5425,-55.7211,0.4171,AppEEARS:MOD13Q1.061:_250m_16_days_NDVI
